-- phpMyAdmin SQL Dump
-- version 3.3.5.1
-- http://www.phpmyadmin.net
--
-- Host: mysql27.gigaserver.cz
-- Generation Time: Feb 27, 2012 at 08:31 PM
-- Server version: 5.1.49
-- PHP Version: 5.2.6-1+lenny9

SET SQL_MODE="NO_AUTO_VALUE_ON_ZERO";


/*!40101 SET @OLD_CHARACTER_SET_CLIENT=@@CHARACTER_SET_CLIENT */;
/*!40101 SET @OLD_CHARACTER_SET_RESULTS=@@CHARACTER_SET_RESULTS */;
/*!40101 SET @OLD_COLLATION_CONNECTION=@@COLLATION_CONNECTION */;
/*!40101 SET NAMES utf8 */;

--
-- Database: `casomira-ewitis_cz_1`
--

-- --------------------------------------------------------

--
-- Table structure for table `admins`
--

CREATE TABLE IF NOT EXISTS `admins` (
  `id` int(11) NOT NULL AUTO_INCREMENT,
  `competition_id` int(11) NOT NULL,
  `name` varchar(40) COLLATE utf8_czech_ci NOT NULL,
  `password` varchar(25) COLLATE utf8_czech_ci NOT NULL,
  `created_at` timestamp NOT NULL DEFAULT CURRENT_TIMESTAMP ON UPDATE CURRENT_TIMESTAMP,
  PRIMARY KEY (`id`)
) ENGINE=MyISAM  DEFAULT CHARSET=utf8 COLLATE=utf8_czech_ci AUTO_INCREMENT=9 ;

--
-- Dumping data for table `admins`
--

INSERT INTO `admins` (`id`, `competition_id`, `name`, `password`, `created_at`) VALUES
(1, 1, 'ewitis', 'casomira', '2011-04-14 09:18:01'),
(2, 2, 'blizak10', 'kolo10', '2011-03-13 11:06:46'),
(3, 3, 'blizak11', 'kolo11', '2011-03-13 11:08:05'),
(4, 4, 'bck11', 'kral11', '2011-05-02 15:53:37'),
(5, 5, 'stupno', 'author11', '2011-05-30 11:31:07'),
(6, 7, 'krapkap', 'awaj', '2011-09-05 15:08:54'),
(7, 8, 'blizak12', 'kolo12', '2012-02-21 22:44:46'),
(8, 9, 'giro12', 'pantani12', '2012-02-21 22:47:35');

-- --------------------------------------------------------

--
-- Table structure for table `competitions`
--

CREATE TABLE IF NOT EXISTS `competitions` (
  `id` int(11) NOT NULL AUTO_INCREMENT,
  `registration_en` tinyint(1) NOT NULL,
  `off_msg` text COLLATE utf8_czech_ci NOT NULL,
  `name` varchar(40) COLLATE utf8_czech_ci NOT NULL,
  `date` date NOT NULL,
  `place` varchar(200) COLLATE utf8_czech_ci NOT NULL,
  `desc` text COLLATE utf8_czech_ci NOT NULL,
  `results` text COLLATE utf8_czech_ci NOT NULL,
  `galerie` text COLLATE utf8_czech_ci NOT NULL,
  `desc_reg` text COLLATE utf8_czech_ci NOT NULL COMMENT 'description registration',
  `desc_cash` text COLLATE utf8_czech_ci NOT NULL COMMENT 'description kategory',
  `web` varchar(100) COLLATE utf8_czech_ci NOT NULL,
  `account` varchar(200) COLLATE utf8_czech_ci NOT NULL,
  `img_1` varchar(200) COLLATE utf8_czech_ci DEFAULT NULL,
  `registred_users` int(11) DEFAULT '0',
  `max_users` int(11) NOT NULL,
  `nr_cash` tinyint(1) NOT NULL DEFAULT '1' COMMENT 'number of prices',
  `user_field_1_name` varchar(100) COLLATE utf8_czech_ci DEFAULT NULL,
  `user_field_1_duty` tinyint(1) NOT NULL COMMENT '0-nepovinne, 1-povinne',
  `user_field_1_public` tinyint(1) NOT NULL,
  `user_field_2_name` varchar(100) COLLATE utf8_czech_ci DEFAULT NULL,
  `user_field_2_duty` tinyint(1) NOT NULL COMMENT '0-nepovinne, 1-povinne',
  `user_field_2_public` tinyint(1) NOT NULL,
  `user_field_3_name` varchar(100) COLLATE utf8_czech_ci DEFAULT NULL,
  `user_field_3_duty` tinyint(1) NOT NULL,
  `user_field_3_public` tinyint(1) NOT NULL,
  `created_at` timestamp NOT NULL DEFAULT CURRENT_TIMESTAMP ON UPDATE CURRENT_TIMESTAMP,
  PRIMARY KEY (`id`)
) ENGINE=MyISAM  DEFAULT CHARSET=utf8 COLLATE=utf8_czech_ci AUTO_INCREMENT=10 ;

--
-- Dumping data for table `competitions`
--

INSERT INTO `competitions` (`id`, `registration_en`, `off_msg`, `name`, `date`, `place`, `desc`, `results`, `galerie`, `desc_reg`, `desc_cash`, `web`, `account`, `img_1`, `registred_users`, `max_users`, `nr_cash`, `user_field_1_name`, `user_field_1_duty`, `user_field_1_public`, `user_field_2_name`, `user_field_2_duty`, `user_field_2_public`, `user_field_3_name`, `user_field_3_duty`, `user_field_3_public`, `created_at`) VALUES
(1, 1, 'Online registrace již není aktivní.', 'test competition', '0000-00-00', 'Test centrum', 'Popis závodu nu **56 hodna** dohodí rozchod pot bendou v těšilo hlučnější ne to spadnout. Pec no že ber funusy, dole služku druh strašilo vinu, břitkou, pokladen užívají čtenáři nu odlepit dušeně, vrh mi šla přízemní zisk jedni, od jo déle. Loď nim amen loď zasvé jeho zápis.\r\n\r\nZvěst sváděl stačí tichých mela ale hejdo kdy zajedu koberce ječela. Rty on amina nabídla pokusné vás červcem o žebrák obyčejné. Via bývají k krámě ani noc uznaných i rytířství. A bavil my kopl – ním jste dřevěný! Ošlapek kradu 19 eh co rozchod novém ní skleněnou vraťte lesy hlučný chalupa přísahat.', '', '', 'Popis registrace třepal neměl všelijakými klecí mé 11 řady host vstupujícího? V četné šel mat typ he aniž nim ničemu. Vytáhl per amin dán stráži začali unesl ó hanbíš. Střední úrovně, po ně 705 či žebřík volná, mi? Prahu 77 inzerátech ukazovala.', 'Popis platby ba jet hůř žádáme daří sto. S ti mi stál nu ho, ke mu suše oddychl u vykonán mi řády, 81 oč si zmačkané olezlejší. Pihy ní by 56 dá sáhl námi.\r\n- Něm dívá **zeť** dnů gramy\r\n- 56 holdují ono parohů!\r\n', 'http://www.ewitis.cz/', '000000/0800', '/gfx/stopky4_200.jpg', 41, 24, 2, NULL, 0, 0, NULL, 0, 0, NULL, 0, 0, '2012-02-22 21:40:50'),
(2, 0, 'Online registrace již není aktivní.', 'Blizák 2010', '2010-06-19', 'Sázava, okr. Benešov', 'Letos pořádáme **10. ročník** cyklistického klání, kde si dravci šáhnou na dno svých sil a přátelé náročného ježdění přírodou si užijí. Obě tratě závodu, na **40** nebo **80 km** se derou po stráních od řeky Sázavy vzhůru aby se ve sjezdech zase vracely zpět. To je prošpikováno několika brody přes sázavské přítoky, pěšinkami, lesními cestami a tu a tam nějakým asfaltem. A kdo má dost sil, užije si i krásný výhled po krajině.\r\n\r\n80 km je určeno pro cyklisty, kteří vědí jak hospodařit ze silami a mají už něco najeto. Trať kratší může ujet každý, kdo na kole rád jezdí a ví, o co při horském ježdění jde. Naši sponzoři se podílejí na tom, aby řeka a město Sázava mělo cyklistům co nabídnout. Startuje a dojíždí se ve městě Sázava, kam se dostanete z 34 km dálnice D1. V cíli je dostatek stínu, občerstvení, a pro vítěze hodnotné ceny. O to, aby vše proběhlo v pořádku se stará 130 pořadatelů a jedna nebo tři občerstvovací stanice – podle délky tratě. Každý, kdo může se na tento závod každý rok vrací.', 'Výsledky jsou k dispozici <a href="http://blizak.cz/?p=vysledky">na stránkách závodu</a>', '<iframe src="http://www.rajce.net/a3636593/mini?bgcolor=&photoNameVisible=0" name="rajce-net" width="356" height="356" frameborder="0" scrolling="no" allowtransparency="false"></iframe>', 'Podrobné informace o registraci najdete v "**prozicích závodu**":http://www.blizak.cz/files/Blizak_2010_propozice.pdf \r\n\r\nPro předem přihlášené závodníky se zaplacením do 09.06.2010 triko s logem Blizák zdarma.', 'Pro určení výše startovného je rozhodující datum zaplacení.\r\n- **cena 1** platí **do 9.6. 2010**\r\n- **cena 2** potom **od 10.6. 2010.**\r\n', 'http://www.blizak.cz/', '1597379053/0800', '/img/blizak/bcg-2010_vyrez.jpg', 327, 1000, 2, 'Adresa <br/><span>(město, ulice, psč)</span>', 1, 0, 'Cykloklub', 0, 1, NULL, 0, 0, '2012-02-21 22:31:02'),
(3, 0, 'Online registrace již není aktivní.\r\n\r\nStále je možné se registrovat v místě závodu více viz "**prozice závodu**":http://www.blizak.cz/files/Blizak_2011_propozice.pdf', 'Blizák 2011', '2011-06-18', 'Sázava, okr. Benešov', 'Letos pořádáme **11. ročník** cyklistického klání, kde si dravci šáhnou na dno svých sil a přátelé náročného ježdění přírodou si užijí. Obě tratě závodu, na **40** nebo **80 km** se derou po stráních od řeky Sázavy vzhůru aby se ve sjezdech zase vracely zpět. To je prošpikováno několika brody přes sázavské přítoky, pěšinkami, lesními cestami a tu a tam nějakým asfaltem. A kdo má dost sil, užije si i krásný výhled po krajině.\r\n\r\n80 km je určeno pro cyklisty, kteří vědí jak hospodařit ze silami a mají už něco najeto. Trať kratší může ujet každý, kdo na kole rád jezdí a ví, o co při horském ježdění jde. Naši sponzoři se podílejí na tom, aby řeka a město Sázava mělo cyklistům co nabídnout. Startuje a dojíždí se ve městě Sázava, kam se dostanete z 34 km dálnice D1. V cíli je dostatek stínu, občerstvení, a pro vítěze hodnotné ceny. O to, aby vše proběhlo v pořádku se stará 130 pořadatelů a jedna nebo tři občerstvovací stanice – podle délky tratě. Každý, kdo může se na tento závod každý rok vrací.', 'Výsledky jsou k dispozici <a href="http://blizak.cz/?p=vysledky">na stránkách závodu</a>', '<iframe src="http://www.rajce.net/a5020899/mini?bgcolor=&photoNameVisible=0" name="rajce-net" width="356" height="356" frameborder="0" scrolling="no" allowtransparency="false"></iframe>\r\n\r\n<iframe src="http://www.rajce.net/a5009320/mini?bgcolor=&photoNameVisible=0" name="rajce-net" width="356" height="356" frameborder="0" scrolling="no" allowtransparency="false"></iframe>\r\n\r\n<iframe src="http://www.rajce.net/a5125217/mini?bgcolor=&photoNameVisible=0" name="rajce-net" width="356" height="356" frameborder="0" scrolling="no" allowtransparency="false"></iframe>', 'Podrobné informace o registraci najdete v "**prozicích závodu**":http://www.blizak.cz/files/Blizak_2011_propozice.pdf \r\n\r\n', '\r\n', 'http://www.blizak.cz/', 'Platba na místě', '/img/blizak/blizak_2011_vyrez_small.jpg', 292, 1000, 1, 'Adresa <br/><span>(město, ulice, psč)</span>', 1, 0, 'Cykloklub', 0, 1, NULL, 0, 0, '2012-02-21 22:30:25'),
(4, 0, 'Online registrace již není aktivní.', 'Kralovický MTB Maraton', '2011-08-27', 'Kralovice, okr. Plzeň - sever', 'Vážení bikeři a milovníci kol,\r\npo dohodě realizačně organizačního týmu, začali na plno přípravy již 8.ročníku Maratonu horských kol. \r\n \r\nTrať by neměla doznat výrazných změn, upravena bude pouze střední trasa, pro svoji velkou náročnost\r\na přiblížení více méně náročným bikerům.\r\nDíle pracujeme na zlepšení zázemí jak v prostorech startu a cíle, tak i na občerstvovacích stanicích, \r\na vylepšením značení tras.\r\nVěříme že u nyní se máte opět na co těšit, začněte proto s tréninkem již nyní!!\r\n \r\nJako každoročně nabízíme  všem fyzickým i právnickým subjektům možnost prezentace prostřednictvím tohoto podniku, \r\nať už formou přímé pomoci s realizací a organizací či formou podpory věcnou či finanční. \r\nInformace v krátké době zde, či na kontaktním tel. čísle.  ', 'Skupiny\r\n======================\r\n\r\n- "Skupina A 90KM":[http://ewitis.cz/competitions/2011_kralovice/90km.pdf]\r\n- "Skupina B 50KM":[http://ewitis.cz/competitions/2011_kralovice/50km.pdf]\r\n- "Skupina C 25KM":[http://ewitis.cz/competitions/2011_kralovice/25km.pdf]\r\n\r\n\r\nKategorie\r\n======================\r\n\r\n- "Kategorie DMH19":[http://ewitis.cz/competitions/2011_kralovice/DMH19.pdf]\r\n- "Kategorie DM30":[http://ewitis.cz/competitions/2011_kralovice/DM30.pdf]\r\n- "Kategorie DM40":[http://ewitis.cz/competitions/2011_kralovice/DM40.pdf]\r\n- "Kategorie DM50+":[http://ewitis.cz/competitions/2011_kralovice/DM50plus.pdf]\r\n- "Kategorie DŽ19+":[http://ewitis.cz/competitions/2011_kralovice/DZ19plus.pdf]\r\n\r\n\r\n- "Kategorie KMH19":[http://ewitis.cz/competitions/2011_kralovice/KMH19.pdf]\r\n- "Kategorie KM30":[http://ewitis.cz/competitions/2011_kralovice/KM30.pdf]\r\n- "Kategorie KM40":[http://ewitis.cz/competitions/2011_kralovice/KM40.pdf]\r\n- "Kategorie KM50+":[http://ewitis.cz/competitions/2011_kralovice/KM50plus.pdf]\r\n- "Kategorie KŽ19+":[http://ewitis.cz/competitions/2011_kralovice/KZ19plus.pdf]\r\n- "Kategorie KM16":[http://ewitis.cz/competitions/2011_kralovice/KM16.pdf]\r\n\r\n\r\n- "Kategorie Ženy 25KM":[http://ewitis.cz/competitions/2011_kralovice/ZENY_25km.pdf]\r\n- "Kategorie Muži 25KM":[http://ewitis.cz/competitions/2011_kralovice/MUZI_25km.pdf]\r\n\r\n\r\n', '', 'Podrobné informace o registraci najdete v "**prozicích závodu**":http://bck.webnode.cz/propozice/', 'Pro určení výše startovného je rozhodující datum zaplacení.\r\n- **cena 1** platí do uzávěrky online přihlášení, tedy **do 11.8. 2011**\r\n- **cena 2** potom po uzávěrce a při přihlášení na místě\r\n\r\nStartovné zahrnuje občerstvovací stanice na trati, upomínkový předmět, zdravotní a pořadatelskou službu, měření času a zpracování výsledků, pamětní startovní číslo, lístek do tomboly.\r\n\r\nObčerstvení v cíli - teplé jídlo jen pro předem přihlášené\r\nostatní - jídlo studené.\r\n\r\nZrušit zaplacené startovné je možné pouze písemně s datem odeslání nejpozději v den konání závodu tj. **27. srpna 2011** -  storno poplatek je **100,- Kč.**\r\n\r\nPodrobné informace najdete v "**prozicích závodu**":http://bck.webnode.cz/propozice/', 'www.bikeclubkralovice.cz', ' 43-817 603 0277 / 0100', '/img/kralovice/bikeclub_kralovice_200.jpg', 230, 0, 2, 'Cykloklub', 1, 1, NULL, 0, 0, NULL, 0, 0, '2011-12-21 22:06:36'),
(5, 0, 'Online registrace již není aktivní.', 'Author MTB Stupno', '2011-07-31', 'Stupno, okr. Rokycany', 'Poslední červencový den se budou sice lámat letní prázdniny do své druhé poloviny, ale u nás ve Stupně se budou lámat rekordy na již 3.ročníku Author MTB kriteriu. Finálový závod Poháru Plzeňského kraje Becker Cup 2011 www.beckercup.wgz.cz se pojede opět jako open Mistrovství Plzeňského kraje, to znamená, že vítězové v každé kategorii budou dekorováni originálním mistrovským dresem. Zázemí závodu, kancelář a občerstvení  je v areálu sportovního stadionu, technicky hravá trať je namotána po cestách, pěšinách a roklích přilehlého lesoparku. Jsou připraveny tři různé tratě, pouze naši nejmenší budou závodit a prohánět odrážedla v areálu.\r\n\r\nOn-line přihlašování je již samozřejmostí, a proto se můžete již nyní přihlašovat na webu www.ewitis.cz  každého přihlášeného předem do 27.7. odměníme speciálním dárkem a ušetří si čekání ve frontě při přihlašování a vypisování přihlášky.\r\n\r\nPřipravujeme společný trénink na trati závodu, tak sledujte informace na www.authorteam.cz  \r\nNa všechny závodnice a závoďáky se již těšíme 31.7. ve Stupně na shledanou.', 'Cílové časy\r\n======================\r\n\r\n- "Kategorie Žáci nejmladší":[http://ewitis.cz/competitions/2011_stupno/2011_stupno_zaci_nejmladsi.pdf]\r\n- "Kategorie Žákyně nejmladší":[http://ewitis.cz/competitions/2011_stupno/2011_stupno_zakyne_nejmladsi.pdf]\r\n\r\n- "Kategorie Žáci mladší":[http://ewitis.cz/competitions/2011_stupno/2011_stupno_zaci_mladsi.pdf]\r\n- "Kategorie Žákyně mladší":[http://ewitis.cz/competitions/2011_stupno/2011_stupno_zakyne_mladsi.pdf]\r\n\r\n- "Kategorie Žáci starší":[http://ewitis.cz/competitions/2011_stupno/2011_stupno_zaci_starsi.pdf]\r\n- "Kategorie Žákyně starší":[http://ewitis.cz/competitions/2011_stupno/2011_stupno_zakyne_starsi.pdf]\r\n\r\n- "Kategorie Kadeti":[http://ewitis.cz/competitions/2011_stupno/2011_stupno_kadeti.pdf]\r\n- "Kategorie Kadetky":[http://ewitis.cz/competitions/2011_stupno/2011_stupno_kadetky.pdf]\r\n\r\n- "Kategorie Kluci":[http://ewitis.cz/competitions/2011_stupno/2011_stupno_kluci.pdf]\r\n- "Kategorie Holky":[http://ewitis.cz/competitions/2011_stupno/2011_stupno_holky.pdf]\r\n\r\n- "Kategorie Žáci nábor":[http://ewitis.cz/competitions/2011_stupno/2011_stupno_zaci_nabor.pdf]\r\n- "Kategorie Žákyně nábor":[http://ewitis.cz/competitions/2011_stupno/2011_stupno_zakyne_nabor.pdf]\r\n\r\n\r\n- "Kategorie Veteráni A":[http://ewitis.cz/competitions/2011_stupno/2011_stupno_veterani_a.pdf]\r\n- "Kategorie Veteráni B":[http://ewitis.cz/competitions/2011_stupno/2011_stupno_veterani_b.pdf]\r\n\r\n- "Kategorie Muži A":[http://ewitis.cz/competitions/2011_stupno/2011_stupno_muzi_a.pdf]\r\n- "Kategorie Muži B":[http://ewitis.cz/competitions/2011_stupno/2011_stupno_muzi_b.pdf]\r\n\r\n\r\nČasy jednotlivých kol\r\n======================\r\n\r\n- "Kategorie Žáci nejmladší":[http://ewitis.cz/competitions/2011_stupno/kola/2011_stupno_zaci_nejmladsi.pdf]\r\n- "Kategorie Žákyně nejmladší":[http://ewitis.cz/competitions/2011_stupno/kola/2011_stupno_zakyne_nejmladsi.pdf]\r\n\r\n- "Kategorie Žáci mladší":[http://ewitis.cz/competitions/2011_stupno/kola/2011_stupno_zaci_mladsi.pdf]\r\n- "Kategorie Žákyně mladší":[http://ewitis.cz/competitions/2011_stupno/kola/2011_stupno_zakyne_mladsi.pdf]\r\n\r\n- "Kategorie Žáci starší":[http://ewitis.cz/competitions/2011_stupno/kola/2011_stupno_zaci_starsi.pdf]\r\n- "Kategorie Žákyně starší":[http://ewitis.cz/competitions/2011_stupno/kola/2011_stupno_zakyne_starsi.pdf]\r\n\r\n- "Kategorie Kadeti":[http://ewitis.cz/competitions/2011_stupno/kola/2011_stupno_kadeti.pdf]\r\n- "Kategorie Kadetky":[http://ewitis.cz/competitions/2011_stupno/kola/2011_stupno_kadetky.pdf]\r\n\r\n- "Kategorie Kluci":[http://ewitis.cz/competitions/2011_stupno/kola/2011_stupno_kluci.pdf]\r\n- "Kategorie Holky":[http://ewitis.cz/competitions/2011_stupno/kola/2011_stupno_holky.pdf]\r\n\r\n- "Kategorie Žáci nábor":[http://ewitis.cz/competitions/2011_stupno/kola/2011_stupno_zaci_nabor.pdf]\r\n- "Kategorie Žákyně nábor":[http://ewitis.cz/competitions/2011_stupno/kola/2011_stupno_zakyne_nabor.pdf]\r\n\r\n\r\n- "Kategorie Veteráni A":[http://ewitis.cz/competitions/2011_stupno/kola/2011_stupno_veterani_A.pdf]\r\n- "Kategorie Veteráni B":[http://ewitis.cz/competitions/2011_stupno/kola/2011_stupno_veterani_B.pdf]\r\n\r\n- "Kategorie Muži A":[http://ewitis.cz/competitions/2011_stupno/kola/2011_stupno_muzi_A.pdf]\r\n- "Kategorie Muži B":[http://ewitis.cz/competitions/2011_stupno/kola/2011_stupno_muzi_B.pdf]', '<object width="720" height="432">  <param name="movie" value="http://www.moab.cz/v/gaogfUQdjxz"></param>  <param name="allowFullScreen" value="true"></param>  <param name="allowscriptaccess" value="always"></param>  <embed src="http://www.moab.cz/v/gaogfUQdjxz" type="application/x-shockwave-flash" allowscriptaccess="always" allowfullscreen="true" width="360" height="216"></embed></object>', 'On-line přihlašování je již samozřejmostí, a proto se můžete již nyní přihlašovat na webu www.ewitis.cz  každého přihlášeného předem do 27.7. odměníme speciálním dárkem a ušetří si čekání ve frontě při přihlašování a vypisování přihlášky.		\r\n\r\nZávod se jede dle pravidel BeckerCup: www.beckercup.wgz.cz/pravidla-p-a-l			\r\n\r\nStartovné:  kluci, holky a nábor zdarma, žáci nejml. - kadeti 50,- ostatní 100,- / záloha 50,-\r\n\r\nKancelář závodu od 8:00 v Sokolce, přihlášky nejpozději 1hod před startem příslušné kategorie.			\r\n\r\nVyhlášení výsledků ve 12:00 a po dojezdu kategorie mužů.			\r\n', '**Všechny platby budou provedeny až na místě!!**\r\n\r\nÚčastník svým přihlášením souhlasí s podmínkami závodu a prohlašuje, že:\r\n1. Bere na vědomí, že se závod jede za plného silničního provozu a že bude dodržovat jeho pravidla stanovená vyhláškou č. 30/2001 sb.\r\n2. Závodu se účastní na vlastní nebezpečí, s plnou ochranou přilbou.\r\n3. Není mu známa žádná překážka spočívající jeho zdravotním stavu, která by mu bránila ve startu.\r\n4. Bere na vědomí, že pořadatel závodu neodpovídá za případnou škodu na zdraví a věcech, pokud nebude prokázáno zavinění nebo pokud odložené věci nepřevzal do úschovy.\r\n5. Veškeré údaje, které zde závodník uvádí podléhají ustanovením zákona číslo 101/2000 Sb. o ochraně osobních údajů ve znění pozdějších novel. Pořadatel závodu je jediným vlastníkem informací. Tyto informace nejsou a nebudou prodávány, pronajímány ani jinak sdíleny s jinými subjekty\r\n', 'http://www.authorteam.cz', 'platba na místě', '/img/stupno/author_team_stupno_35.jpg', 98, 0, 1, 'Cykloklub', 1, 1, 'Mobilní telefon', 0, 0, NULL, 0, 0, '2011-11-09 23:25:44'),
(6, 0, 'Online registrace již není aktivní.', 'Horažďovické kolo 2011', '2011-08-28', 'Horažďovice, náměstí', '**POŘADATEL:** MTB Ježíkov Horažďovice + PLHK\r\n\r\n**ŘEDITEL ZÁVODU:** Bohumil Ježek\r\n\r\n**INFORMACE:** Josef Maxa, Horažďovice, e-mail: Maxbiker@seznam.cz\r\n\r\n\r\n\r\n', 'Skupiny\r\n======================\r\n\r\n- "Skupina 1":[http://ewitis.cz/competitions/2011_horazdovice/skupina_1.pdf]\r\n- "Skupina 2":[http://ewitis.cz/competitions/2011_horazdovice/skupina_2.pdf]\r\n\r\nKategorie\r\n======================\r\n\r\n- "Kategorie kadeti":[http://ewitis.cz/competitions/2011_horazdovice/kadeti.pdf]\r\n- "Kategorie junioři":[http://ewitis.cz/competitions/2011_horazdovice/juniori.pdf]\r\n- "Kategorie ženy":[http://ewitis.cz/competitions/2011_horazdovice/zeny.pdf]\r\n- "Kategorie veteráni 1":[http://ewitis.cz/competitions/2011_horazdovice/veterani_1.pdf]\r\n- "Kategorie veteráni 2":[http://ewitis.cz/competitions/2011_horazdovice/veterani_2.pdf]\r\n\r\n\r\n- "Kategorie muži 1":[http://ewitis.cz/competitions/2011_horazdovice/muzi_1.pdf]\r\n- "Kategorie muži 2":[http://ewitis.cz/competitions/2011_horazdovice/muzi_2.pdf]\r\n', '', '', '', '', '', NULL, 0, 0, 1, NULL, 0, 0, NULL, 0, 0, NULL, 0, 0, '2011-08-28 21:32:55'),
(7, 0, 'Online registrace již není aktivní. Můžete se zaregistrovat 1.10.2011 před závodem.', 'KřápKap Třemošná 2011', '2011-10-01', 'Třemošná', 'Sdružení TŘEMZET pořádá 1.10.2011 KřápKap Třemošná\r\n\r\nBez věkové hranice, bez Ř.P., přihlášení na webu i na místě, čísla na místě.\r\nStartovné 200,-.\r\nTrať je tréninková motokrosová takřka na rovině, dlouhá cca 1000m. Pár skoků, některé\r\nse dají objet, sem-tam zatáčka, klopenky.\r\nStartující se zúčastňují závodu výhradně na své riziko. Za jezdce mladší 18 let, zodpovídá zákonný zástupce.\r\n\r\nPRAVIDLA\r\n********\r\n\r\nPovinná výbava jezdců\r\n-----------------------\r\nHelma, kotníková pevná obuv, dlouhé kalhoty, dlouhé rukávy.\r\n\r\n<A NAME="klasik"></A>\r\nKategorie KLASIK\r\n---------\r\nNeupravené moto, tak jak bylo vyráběno. Povoleny pouze úpravy blatníků, sekundárního převodu, pláště do terénu(drapáky). Možno demontovat části kapotáže a světla(odlehčovací kůra). Max.vrtání válce průměr 40mm = osmý brus.\r\n\r\n<A NAME="special"></A>\r\nKategorie SPECIÁL\r\n---------\r\nUpravené moto, ovšem pouze s motorovým základem JAWA 50 PIONÝR.Tj. motor vzduchem chlazený, možnost zvětšení chladících ploch válce a hlavy, max. průměr vrtání 40mm = osmý brus při zachování továrního zdvihu a rozteče šroubů válce a hlavy. Úpravy uvnitř válce pouze co dovolí tovární odlitek válce a karterů. Převodovka třístupňová s možností změny převodových poměrů jednotlivých stupňů, primární převod a spojka jen do origo víka spojky. Sekundární převod volný. Zapalování, karburátor a výfuk volné.\r\n\r\n<A NAME="veteran"></A>\r\nKategorie VETERÁN\r\n---------\r\nŽivočich starší 40ti let na čemkoli z obou kategorií s tím, že ti co drží hladovku budou dohmotněni do váhy nejtěžšího VETERÁNA vhodným materiálem!!!\r\n\r\n<A NAME="pitbike_junior"></A>\r\nKategorie PITBIKE JUNIOR\r\n---------\r\ndo 15 let, do objemu motoru 125ccm\r\n\r\n<A NAME="pitbike_open"></A>\r\nKategorie PITBIKE OPEN\r\n---------\r\nnad 15 let, do objemu motoru 160ccm\r\n\r\n\r\nPROGRAM\r\n******************\r\n\r\n- 7.00 – 9.00 - Technická přejímka, registrace, seznámení s tratí\r\n- 9.15 – 9.30 – Rozprava\r\n- 10.00 – 10.20 – Rozjížďka kategorie KLASIK - 15min.+2kola\r\n- 10.35 – 10.55 – Rozjížďka kategorie PITBIKE JUNIOR - 15min.+2kola\r\n- 11.10 – 11.30 – Rozjížďka kategorie SPECIÁL - 15min.+2kola\r\n- 11.45 – 12.05 – Rozjížďka kategorie PITBIKE OPEN první - 15min.+2kola\r\n- 12.20 – 12.40 – Rozjížďka kategorie VETERÁN - 15min.+2kola\r\n- 12.55 – 13.15 – Rozjížďka kategorie PITBIKE OPEN druhá - 15min.+2kola\r\n\r\nPostupujícími do finále budou první až desátí umístění v rozjížďkách jednotlivých kategorií.V případě nižšího počtu startujících pojedou všichni.\r\n\r\n- 14.05 – Start finále kategorie KLASIK - 10 kol\r\n- 14.40 – Start finále kategorie PITBIKE JUNIOR - 10 kol\r\n- 15.15 – Start finále kategorie SPECIÁL - 10 kol\r\n- 15.50 – Start finále kategorie PITBIKE OPEN - 10 kol\r\n- 16.30 – Start finále kategorie VETERÁN - 10 kol\r\n- 17.50 – 18.15 - Vyhlášení výsledků\r\n\r\nObčerstvení zajištěno po celou dobu konání podniku (do vyjedení a vypití zásob)!!!\r\n\r\nBližší info: rota.z@seznam.cz\r\n\r\n\r\n', 'Časy finálových jízd\r\n======================\r\n\r\n- "Kategorie Klasik":[http://ewitis.cz/competitions/2011_fichtl/kategorie_klasik.pdf]\r\n- "Kategorie Pitbike Junior":[http://ewitis.cz/competitions/2011_fichtl/kategorie_pitbike_junior.pdf]\r\n- "Kategorie Speciál":[http://ewitis.cz/competitions/2011_fichtl/kategorie_special.pdf]\r\n- "Kategorie Pitbike Open":[http://ewitis.cz/competitions/2011_fichtl/kategorie_pitbike_open.pdf]\r\n- "Kategorie Veterán":[http://ewitis.cz/competitions/2011_fichtl/kategorie_veteran.pdf]', '<iframe width="540" height="304" src="http://www.youtube.com/embed/trNUXdmNL-0" frameborder="0" allowfullscreen></iframe>\r\n<br/><br/>\r\n<iframe src="http://www.rajce.net/a4753960/mini?bgcolor=&photoNameVisible=0" name="rajce-net" width="356" height="356" frameborder="0" scrolling="no" allowtransparency="false"></iframe>', 'Bez věkové hranice, bez Ř.P., přihlášení na webu i na místě, čísla na místě.\r\n\r\nTrať je tréninková motokrosová takřka na rovině, dlouhá cca 1000m. Pár skoků, některé se dají objet, sem-tam zatáčka, klopenky. \r\nStartující se zúčastňují závodu výhradně na své riziko. Za jezdce mladší 18 let, zodpovídá zákonný zástupce.', '', 'http://www.jawa50zavody.wz.cz/tremosna.htm', '0999253053/0800', NULL, 39, 0, 1, NULL, 0, 0, NULL, 0, 0, NULL, 0, 0, '2011-11-10 21:51:08'),
(8, 0, 'Online registrace již není aktivní.\r\n\r\nStále je možné se registrovat v místě závodu více viz "**prozice závodu**":http://www.blizak.cz/files/Blizak_2012_propozice.pdf', 'Blizák 2012', '2012-06-16', 'Sázava, okr. Benešov', 'Letos pořádáme **12. ročník** cyklistického klání, kde si dravci šáhnou na dno svých sil a přátelé náročného ježdění přírodou si užijí. Obě tratě závodu, na **40** nebo **80 km** se derou po stráních od řeky Sázavy vzhůru aby se ve sjezdech zase vracely zpět. To je prošpikováno několika brody přes sázavské přítoky, pěšinkami, lesními cestami a tu a tam nějakým asfaltem. A kdo má dost sil, užije si i krásný výhled po krajině.\r\n\r\n80 km je určeno pro cyklisty, kteří vědí jak hospodařit ze silami a mají už něco najeto. Trať kratší může ujet každý, kdo na kole rád jezdí a ví, o co při horském ježdění jde. Naši sponzoři se podílejí na tom, aby řeka a město Sázava mělo cyklistům co nabídnout. Startuje a dojíždí se ve městě Sázava, kam se dostanete z 34 km dálnice D1. V cíli je dostatek stínu, občerstvení, a pro vítěze hodnotné ceny. O to, aby vše proběhlo v pořádku se stará 130 pořadatelů a jedna nebo tři občerstvovací stanice – podle délky tratě. Každý, kdo může se na tento závod každý rok vrací.', '', '', 'Podrobné informace o registraci najdete v "**prozicích závodu**":http://www.blizak.cz/files/Blizak_2012_propozice.pdf \r\n\r\n', '\r\n', 'http://www.blizak.cz/', '1597379053/0800', '/img/blizak/blizak_2012_vyrez_small.jpg', 4, 1000, 1, 'Adresa <br/><span>(město, ulice, psč)</span>', 1, 0, 'Cykloklub', 0, 1, NULL, 0, 0, '2012-02-27 20:30:03'),
(9, 1, 'Online registrace již není aktivní.\r\n\r\nStále je možné se registrovat v místě závodu více viz "**prozice závodu**":http://pohar-peruna.cz/zavody/perstejnsko-giro/', 'Perštejnské Giro 2012', '2012-05-05', 'Perštejn ', 'Pro všechny, kdo mají rádi jízdu na horském kole, připravil *Team Bike Perštejn* ve spolupráci s obcí Perštejn šestý ročník závodu horských kol. Na závodníky čeká zcela nově přepracovaná trať, která zcela jistě nadchne všechny milovníky horských kol. Pro ty, co na kolo nesedají pravidelně, je připravena 14 kilometrová výrazně lehčí trať, na které mohou poměřit své síly s ostatními. Pro malé závodníky máme připraven dětský závod. To vše v krásném prostředí Perštejna a okolí. Zázemí závodu se nachází v areálu perštejnského fotbalového hřiště a koupaliště. A tak nezbývá než dodat…vezměte rodinu a přijeďte k nám prožít příjemnou sobotu. V uplynulém ročníku Poháru Peruna se na start našeho závodu postavilo na 312 malých i velkých závodníků.\r\n\r\n**Ceny a tombola:** První 3 závodníci v každé kategorii budou slavnostně vyhlášeni a obdrží diplom a pohár. Každý účastník obdrží po odevzdání startovního čísla poukázky na občerstvení po závodu. Po vyhlášení výsledků proběhne tombola o věcné ceny. Do slosování budou zařazena všechna startovní čísla závodníků závodu.\r\n', '', '', 'Podrobné informace o registraci najdete v "**prozicích závodu**":http://pohar-peruna.cz/zavody/perstejnsko-giro/ \r\n', '- **cena 1** platí **pro online registraci a následnou platbu**\r\n- **cena 2** potom **na místě**', 'http://pohar-peruna.cz/zavody/perstejnsko-giro/', '215095932/0300', '/img/giro/giro.jpg', 0, 1000, 2, 'Cykloklub', 0, 1, 'Jídlo <br/><span>(rizoto nebo guláš)</span>', 1, 0, NULL, 0, 0, '2012-02-26 19:01:01');

-- --------------------------------------------------------

--
-- Table structure for table `kategories`
--

CREATE TABLE IF NOT EXISTS `kategories` (
  `id` int(11) NOT NULL AUTO_INCREMENT,
  `competition_id` int(11) NOT NULL,
  `name` varchar(200) COLLATE utf8_czech_ci NOT NULL,
  `description` text COLLATE utf8_czech_ci NOT NULL,
  `sex` tinyint(1) NOT NULL COMMENT '1-male, 2-female',
  `birthday_min` int(4) NOT NULL,
  `birthday_max` int(4) NOT NULL,
  `cash` int(11) NOT NULL,
  `cash2` int(11) DEFAULT NULL,
  `created_at` timestamp NOT NULL DEFAULT CURRENT_TIMESTAMP ON UPDATE CURRENT_TIMESTAMP,
  PRIMARY KEY (`id`)
) ENGINE=MyISAM  DEFAULT CHARSET=utf8 COLLATE=utf8_czech_ci AUTO_INCREMENT=124 ;

--
-- Dumping data for table `kategories`
--

INSERT INTO `kategories` (`id`, `competition_id`, `name`, `description`, `sex`, `birthday_min`, `birthday_max`, `cash`, `cash2`, `created_at`) VALUES
(1, 2, 'Kategorie A', '80km, muži 15-39let (1995-1971)', 1, 1971, 1995, 350, 450, '0000-00-00 00:00:00'),
(2, 2, 'Kategorie B', '80km, muži 40-49let (1970-1961)', 1, 1961, 1970, 350, 450, '0000-00-00 00:00:00'),
(3, 2, 'Kategorie C', '80 km, muži 50let a více (1960 a méně)', 1, 1900, 1960, 350, 450, '0000-00-00 00:00:00'),
(4, 2, 'Kategorie D', '80km, ženy 15-39let (1995-1971)', 2, 1971, 1995, 350, 450, '0000-00-00 00:00:00'),
(5, 2, 'Kategorie E', '80km, ženy 40let a více (1970 a méně)', 2, 1900, 1970, 350, 450, '0000-00-00 00:00:00'),
(6, 2, 'Kategorie F', '40km, muži 19-39let (1991-1971)', 1, 1971, 1991, 250, 350, '0000-00-00 00:00:00'),
(7, 2, 'Kategorie G', '40km, muži 40-49let (1970-1961)', 1, 1961, 1970, 250, 350, '0000-00-00 00:00:00'),
(8, 2, 'Kategorie H', '40km, muži 50let a více (1960 a méně)', 1, 1900, 1960, 250, 350, '0000-00-00 00:00:00'),
(9, 2, 'Kategorie I', '40km, ženy 19-39let (1991-1971)', 2, 1971, 1991, 250, 350, '0000-00-00 00:00:00'),
(10, 2, 'Kategorie J', '40km, ženy 40let a více (1970 a méně)', 2, 1900, 1970, 250, 350, '0000-00-00 00:00:00'),
(11, 2, 'Kategorie K', '40km, junioři 15-18let (1995-1992)', 1, 1992, 1995, 250, 350, '0000-00-00 00:00:00'),
(12, 2, 'Kategorie L', '40km, juniorky 15-18let (1995-1992)', 2, 1992, 1995, 250, 350, '0000-00-00 00:00:00'),
(13, 1, 'kategory A', 'muži (do 1990)', 1, 1900, 1990, 100, 200, '2011-04-14 09:01:59'),
(14, 3, 'Kategorie A', '80km, muži 15-39let (1996-1972)', 1, 1972, 1996, 450, 450, '2011-03-13 11:34:02'),
(15, 3, 'Kategorie B', '80km, muži 40-49let (1971-1962)', 1, 1962, 1971, 450, 450, '2011-03-13 11:37:34'),
(16, 3, 'Kategorie C', '80 km, muži 50let a více (1961 a méně)', 1, 1900, 1961, 450, 450, '2011-03-13 11:37:42'),
(20, 3, 'Kategorie E', '80km, ženy 40let a více (1971 a méně)', 2, 1900, 1971, 450, 450, '2011-03-13 11:40:27'),
(19, 3, 'Kategorie D', '80km, ženy 15-39let (1996-1972)', 2, 1972, 1996, 450, 450, '2011-03-13 11:39:03'),
(21, 3, 'Kategorie F', '40km, muži 19-39let (1992-1972)', 1, 1972, 1992, 350, 350, '2011-03-13 11:40:27'),
(22, 3, 'Kategorie G', '40km, muži 40-49let (1971-1962)', 1, 1962, 1971, 350, 350, '2011-03-13 11:42:09'),
(23, 3, 'Kategorie H', '40km, muži 50let a více (1961 a méně)', 1, 1900, 1961, 350, 350, '2011-03-13 11:42:09'),
(24, 3, 'Kategorie I', '40km, ženy 19-39let (1992-1972)', 2, 1972, 1992, 350, 350, '2011-03-13 11:45:11'),
(25, 3, 'Kategorie J', '40km, ženy 40let a více (1971 a méně)', 2, 1900, 1971, 350, 350, '2011-03-13 11:45:11'),
(26, 3, 'Kategorie K', '40km, junioři 12-18let (1999-1993)', 1, 1993, 1999, 350, 350, '2011-06-07 19:55:47'),
(27, 3, 'Kategorie L', '40km, juniorky 12-18let (1999-1993)', 2, 1993, 1999, 350, 350, '2011-06-07 20:01:29'),
(28, 1, 'kategory B', 'junioři (2000-1991)', 1, 1991, 2000, 100, 200, '2011-04-14 09:00:28'),
(29, 1, 'kategory C', 'ženy (do 1990)', 2, 1900, 1990, 100, 200, '2011-04-14 09:09:06'),
(30, 1, 'kategory B', 'juniorky (2000-1991)', 2, 1991, 2000, 100, 200, '2011-04-14 09:02:17'),
(32, 4, 'DMEL', '90km, Trasa A, Muži Elita 19let a starší (1992 a starší)', 1, 1900, 1992, 500, 600, '2011-05-02 14:48:26'),
(33, 4, 'DMH19', '90km, Trasa A, Muži Hobby 19-29let (1992-1982)', 1, 1982, 1992, 500, 600, '2011-05-02 14:48:43'),
(34, 4, 'DM30', '90km, Trasa A, Muži 30-39let (1981-1972)', 1, 1972, 1981, 500, 600, '2011-05-02 14:51:45'),
(35, 4, 'DM40', '90km, Trasa A, Muži 40-49let (1971-1962)', 1, 1962, 1971, 500, 600, '2011-05-02 14:53:40'),
(36, 4, 'DM50+', '90km, Trasa A, Muži 50let a starší (1961 a starší)', 1, 1900, 1961, 500, 600, '2011-05-02 14:53:55'),
(37, 4, 'DŽ19+', '90km, Trasa A, Ženy 19let a starší (1992 a starší)', 2, 1900, 1992, 500, 600, '2011-05-02 14:54:11'),
(38, 4, 'KMH19', '55km, Trasa B, Muži Hobby 19-29let (1992-1982)', 1, 1982, 1992, 300, 400, '2011-05-02 16:06:42'),
(39, 4, 'KM30', '55km, Trasa B, Muži 30-39let (1981-1972)', 1, 1972, 1981, 300, 400, '2011-05-02 16:06:51'),
(40, 4, 'KM40', '55km, Trasa B, Muži Hobby 40-49let (1971-1962)', 1, 1962, 1971, 300, 400, '2011-05-02 16:07:00'),
(41, 4, 'KM50+', '55km, Trasa B, Muži Hobby 50let a starší (1961 a starší)', 1, 1900, 1961, 300, 400, '2011-05-02 16:07:11'),
(42, 4, 'KŽ19+', '55km, Trasa B, Ženy 19let a starší (1992 a starší)', 2, 1900, 1992, 300, 400, '2011-05-02 16:07:22'),
(43, 4, 'KŽ16', '55km, Trasa B, Juniorky 16-18let (1995-1993)', 2, 1993, 1995, 300, 400, '2011-05-02 16:07:32'),
(44, 4, 'KM16', '55km, Trasa B, Junioři 16-18let (1995-1993)', 1, 1993, 1995, 300, 400, '2011-05-02 16:07:49'),
(45, 4, 'M', '25km, Trasa C, Muži', 1, 1900, 2010, 150, 200, '2011-05-02 15:56:13'),
(46, 4, 'Ž', '25km, Trasa C, Ženy', 2, 1900, 2010, 150, 200, '2011-05-02 15:56:21'),
(47, 5, 'žáci nejmladší', '3x750m, ročníky 2002-2001', 1, 2001, 2002, 50, NULL, '2011-06-11 10:25:59'),
(48, 5, 'žákyně nejmladší', '2x750m, ročníky 2002-2001', 2, 2001, 2002, 50, NULL, '2011-07-30 23:20:26'),
(49, 5, 'žáci mladší', '3x1500m, ročníky 2000-1999', 1, 1999, 2000, 50, NULL, '2011-06-11 10:26:21'),
(50, 5, 'žákyně mladší', '2x1500, ročníky 2000-1999', 2, 1999, 2000, 50, NULL, '2011-06-11 10:26:28'),
(51, 5, 'žáci starší', '3x2200m, ročníky 1998-1997', 1, 1997, 1998, 50, NULL, '2011-06-11 10:26:34'),
(52, 5, 'žákyně starší', '2x2200m, ročníky 1998-1997', 2, 1997, 1998, 50, NULL, '2011-06-11 10:26:39'),
(53, 5, 'kadeti', '6x2200m, ročníky 1996-1995', 1, 1995, 1996, 50, NULL, '2011-06-09 22:29:50'),
(54, 5, 'kadetky', '4x2200m, ročníky 1996-1995', 2, 1995, 1996, 50, NULL, '2011-06-09 22:30:05'),
(55, 5, 'kluci', 'v areálu, ročníky 2005 a mladší', 1, 2005, 2010, 0, NULL, '2011-06-09 22:30:22'),
(56, 5, 'holky', 'v areálu, ročníky 2005 a mladší', 2, 2005, 2010, 0, NULL, '2011-06-09 22:30:36'),
(57, 5, 'žáci nábor', '2x750m, ročníky 2004-2003', 1, 2003, 2004, 0, NULL, '2011-07-21 23:05:15'),
(58, 5, 'žákyně nábor', '1x750m, ročníky 2004-2003', 2, 2003, 2004, 0, NULL, '2011-07-21 23:05:27'),
(59, 5, 'junioři', '8x2200m, ročníky 1994-1993', 1, 1993, 1994, 100, NULL, '2011-06-09 22:31:16'),
(60, 5, 'ženy', '6x2200m, ročníky 1994 a starší', 2, 1900, 1994, 100, NULL, '2011-06-09 22:31:28'),
(61, 5, 'veterání A', '8x2200m, ročníky 1971-1962', 1, 1962, 1971, 100, NULL, '2011-06-09 22:31:40'),
(62, 5, 'veteráni B', '8x2200m, ročníky 1961 a starší', 1, 1900, 1961, 100, NULL, '2011-07-30 23:20:14'),
(63, 5, 'muži A', '11x2200m, ročníky 1992-1982', 1, 1982, 1992, 100, NULL, '2011-07-30 23:28:56'),
(64, 5, 'muži B', '11x2200m, ročníky 1981-1972', 1, 1972, 1981, 100, NULL, '2011-07-30 23:21:15'),
(65, 7, 'KLASIK', 'Neupravené moto, tak jak bylo vyráběno,  více "zde.":http://ewitis.cz/?p=zavod&cid=7&tab=0#klasik', 0, 1900, 2100, 200, NULL, '2011-09-05 09:44:24'),
(66, 7, 'SPECIÁL', 'Upravené moto, pouze s motorovým základem JAWA 50 PIONÝR, více "zde.":http://ewitis.cz/?p=zavod&cid=7&tab=0#special', 0, 1900, 2100, 200, NULL, '2011-09-05 09:43:21'),
(67, 7, 'VETERÁN', 'Živočich starší 40ti let(ročník 1971 a starší), více "zde.":http://ewitis.cz/?p=zavod&cid=7&tab=0#vetran', 0, 1900, 1971, 200, NULL, '2011-09-05 14:32:44'),
(68, 7, 'PITBIKE JUNIOR', 'Do 15 let(ročník ), do objemu motoru 125ccm, více "zde.":http://ewitis.cz/?p=zavod&cid=7&tab=0#pitbike_junior', 0, 1996, 2100, 200, NULL, '2011-09-05 14:36:40'),
(69, 7, 'PITBIKE OPEN', 'Nad 15 let(ročník 1995 a starší), do objemu motoru 160ccm, více "zde.":http://ewitis.cz/?p=zavod&cid=7&tab=0#pitbike_open', 0, 1900, 1996, 200, NULL, '2011-09-05 14:36:40'),
(70, 8, 'Kategorie A', '80km, muži 15-39let (1997-1973)', 1, 1973, 1997, 450, 450, '2011-03-13 11:34:02'),
(71, 8, 'Kategorie B', '80km, muži 40-49let (1972-1963)', 1, 1963, 1972, 450, 450, '2011-03-13 11:37:34'),
(72, 8, 'Kategorie C', '80 km, muži 50let a více (1962 a méně)', 1, 1900, 1962, 450, 450, '2011-03-13 11:37:42'),
(74, 8, 'Kategorie E', '80km, ženy 40let a více (1972 a méně)', 2, 1900, 1971, 450, 450, '2012-01-20 08:47:47'),
(73, 8, 'Kategorie D', '80km, ženy 15-39let (1997-1973)', 2, 1973, 1997, 450, 450, '2012-01-20 08:47:53'),
(75, 8, 'Kategorie F', '40km, muži 19-39let (1993-1973)', 1, 1973, 1993, 350, 350, '2011-03-13 11:40:27'),
(76, 8, 'Kategorie G', '40km, muži 40-49let (1972-1963)', 1, 1963, 1972, 350, 350, '2011-03-13 11:42:09'),
(77, 8, 'Kategorie H', '40km, muži 50let a více (1962 a méně)', 1, 1900, 1962, 350, 350, '2011-03-13 11:42:09'),
(78, 8, 'Kategorie I', '40km, ženy 19-39let (1993-1973)', 2, 1973, 1993, 350, 350, '2011-03-13 11:45:11'),
(79, 8, 'Kategorie J', '40km, ženy 40let a více (1972 a méně)', 2, 1900, 1972, 350, 350, '2011-03-13 11:45:11'),
(80, 8, 'Kategorie K', '40km, junioři 15-18let (1997-1994)', 1, 1994, 1997, 350, 350, '2012-01-24 19:48:29'),
(81, 8, 'Kategorie L', '40km, juniorky 15-18let (1997-1994)', 2, 1994, 1997, 350, 350, '2012-01-24 19:48:22'),
(101, 9, 'chlapci do 5 let', '2007 a mladší, 1 okruh, délka 400m,start 9:40', 1, 2007, 2011, 0, 0, '2012-02-22 21:47:23'),
(102, 9, 'dívky do 5 let ', '2007 a mladší, 1 okruh, délka 400m, start 9:40', 2, 2007, 2011, 0, 0, '2012-02-22 21:47:27'),
(103, 9, 'chlapci do 8 let', '2006 – 2004, 3 okruhy, délka 1 200m ,start 10:00', 1, 2004, 2006, 0, 0, '2012-02-22 21:47:31'),
(104, 9, 'dívky do 8 let', '2006 – 2004, 3 okruhy, délka 1 200m, start 10:00', 2, 2004, 2006, 0, 0, '2012-02-22 21:47:40'),
(105, 9, 'chlapci do 10 let', '2003 – 2002, 2 okruhy, délka 2 000m, start 10:20', 1, 2002, 2003, 0, 0, '2012-02-22 21:47:43'),
(106, 9, 'dívky do 10 let', '2003 – 2002, 2 okruhy, délka 2 000m, start 10:20', 2, 2002, 2003, 0, 0, '2012-02-22 21:47:47'),
(107, 9, 'chlapci do 14 let', '2001 – 1998, 4 okruhy, délka 4 000m, start 10:40', 1, 1998, 2001, 0, 0, '2012-02-22 21:47:50'),
(108, 9, 'dívky do 14 let', '2001 – 1998, 4 okruhy, délka 4 000m, start 10:40', 2, 1998, 2001, 0, 0, '2012-02-22 21:47:54'),
(109, 9, 'M18_14KM', '1997 – 1994, muži, 14km', 1, 1994, 1997, 150, 200, '2012-02-21 20:07:59'),
(110, 9, 'Z18_14KM', '1997 – 1994, ženy, 14km', 2, 1994, 1997, 150, 200, '2012-02-21 20:07:49'),
(113, 9, 'M2_14KM', '1972 a starší, muži, 14km', 1, 1900, 1972, 150, 200, '2012-02-21 20:08:52'),
(112, 9, 'Z1_14KM', '1993 – 1973, ženy, 14km', 2, 1973, 1993, 150, 200, '2012-02-21 20:09:37'),
(111, 9, 'M1_14KM', '1993 – 1973, muži, 14km', 1, 1973, 1993, 150, 200, '2012-02-21 20:09:37'),
(114, 9, 'Z2_14KM', '1972 a starší, ženy, 14km', 2, 1900, 1972, 150, 200, '2012-02-21 20:17:07'),
(117, 9, 'M20_45KM', '1993 – 1983, muži, 45km, závod „Poháru Peruna“', 1, 1983, 1993, 200, 300, '2012-02-21 20:20:00'),
(116, 9, 'Z18_45KM', '1997 – 1994, ženy, 45km, závod „Poháru Peruna“', 2, 1994, 1997, 200, 300, '2012-02-21 20:17:32'),
(115, 9, 'M18_45KM', '1997 – 1994, muži, 45km, závod „Poháru Peruna“', 1, 1994, 1997, 200, 300, '2012-02-21 20:17:32'),
(118, 9, 'Z20_45KM', '1993 – 1983, ženy, 45km, závod „Poháru Peruna“', 2, 1983, 1993, 200, 300, '2012-02-21 20:19:39'),
(121, 9, 'M40_45KM', '1972 – 1963, muži, 45km, závod „Poháru Peruna“', 1, 1963, 1972, 200, 300, '2012-02-21 20:42:32'),
(120, 9, 'Z30_45KM', '1982 a starší, ženy, 45km, závod „Poháru Peruna“', 2, 1900, 1982, 200, 300, '2012-02-21 20:47:45'),
(119, 9, 'M30_45KM', '1982 – 1973, muži, 45km, závod „Poháru Peruna“', 1, 1973, 1982, 200, 300, '2012-02-21 20:42:32'),
(123, 9, 'M60_45KM', '1952 a starší, muži, 45km, závod „Poháru Peruna“', 1, 1900, 1952, 200, 300, '2012-02-21 20:47:17'),
(122, 9, 'M50_45KM', '1962 - 1953, muži, 45km, závod „Poháru Peruna“', 1, 1953, 1962, 200, 300, '2012-02-21 20:44:41');

-- --------------------------------------------------------

--
-- Table structure for table `users`
--

CREATE TABLE IF NOT EXISTS `users` (
  `id` int(11) NOT NULL AUTO_INCREMENT,
  `competition_id` int(11) NOT NULL,
  `kategory_id` int(11) NOT NULL,
  `first_name` varchar(30) COLLATE utf8_czech_ci NOT NULL,
  `last_name` varchar(40) COLLATE utf8_czech_ci NOT NULL,
  `email` varchar(50) COLLATE utf8_czech_ci NOT NULL,
  `birthday` int(4) NOT NULL,
  `sex` tinyint(1) NOT NULL,
  `user_field_1` varchar(100) COLLATE utf8_czech_ci DEFAULT NULL,
  `user_field_2` varchar(100) COLLATE utf8_czech_ci DEFAULT NULL,
  `user_field_3` varchar(100) COLLATE utf8_czech_ci DEFAULT NULL,
  `symbol` int(10) NOT NULL,
  `paid` int(5) DEFAULT '0',
  `description` varchar(100) COLLATE utf8_czech_ci NOT NULL,
  `created_at` timestamp NOT NULL DEFAULT CURRENT_TIMESTAMP,
  PRIMARY KEY (`id`)
) ENGINE=MyISAM  DEFAULT CHARSET=utf8 COLLATE=utf8_czech_ci AUTO_INCREMENT=964 ;

--
-- Dumping data for table `users`
--

INSERT INTO `users` (`id`, `competition_id`, `kategory_id`, `first_name`, `last_name`, `email`, `birthday`, `sex`, `user_field_1`, `user_field_2`, `user_field_3`, `symbol`, `paid`, `description`, `created_at`) VALUES
(3, 2, 8, 'Jan', 'Pirk', 'jan.pirk@ikem.cz', 1948, 1, 'Praha 3, V Domově 28, 130 00', '', NULL, 20055, 1, '', '2010-04-19 09:06:32'),
(1, 2, 1, 'Ondřej', 'Váňa', 'ondrej.vana@seznam.cz', 1976, 1, 'Chocerady, Chocerady 125, 257 24', 'Peksport', NULL, 20011, 1, '', '2010-04-19 13:51:04'),
(2, 2, 1, 'Michal', 'Majer', 'misakmajer@seznam.cz', 1982, 1, 'Praha 9,Novozámecká 539, 190 12', 'Peksport', NULL, 20012, 1, '', '2010-04-19 18:14:28'),
(6, 2, 1, 'radek', 'vichta', 'vichtar@seznam.cz', 1984, 1, 'Čerčany,Václavká 237,25722', 'Cesyk', NULL, 20059, 1, '', '2010-04-25 20:50:27'),
(7, 2, 1, 'radek', 'vichta', 'vichtar@seznam.cz', 1984, 1, 'Čerčany,Václavká 237,25722', 'Cesyk', NULL, 20060, 0, '', '2010-04-25 20:53:32'),
(8, 2, 1, 'Vítězslav', 'Olšovský', 'ozotroniq@email.cz', 1983, 1, 'Děčínská 466/7 (p.Ešner)  ,Praha9 - Střížkov 19000', 'Metro A', NULL, 20061, 1, '', '2010-04-26 21:00:38'),
(9, 2, 6, 'Vít', 'Drahota', 'vita.d@tiscali.cz', 1987, 1, 'Choratice 9', 'TJ Orel Sázava', NULL, 20062, 0, '', '2010-04-27 20:37:29'),
(10, 2, 1, 'Bronislav', 'Hedbávný', 'mc_boris@volny.cz', 1971, 1, 'Radotín č. 5, 75354 Soběchleby', 'Metro A', NULL, 20063, 1, '', '2010-04-28 18:12:57'),
(11, 2, 2, 'Pavel', 'Benda', 'bepate@seznam.cz', 1968, 1, 'V kasárnách 1011, 280 02 Kolín', 'Bike klub Kutná Hora', NULL, 20064, 1, '', '2010-04-29 01:40:08'),
(12, 2, 9, 'Stanislava', 'Ivanová', 'setare@seznam.cz', 1986, 2, 'V kasárnách 1011, 280 02 Kolín', 'Bike klub Kutná Hora', NULL, 20065, 1, '', '2010-04-29 01:41:24'),
(13, 2, 2, 'Pavel', 'Koller', 'jsl@seznam.cz', 1970, 1, 'Bezdědice 62', 'Metro A', NULL, 20066, 1, '', '2010-04-30 00:19:02'),
(14, 2, 6, 'Ivan', 'Hanzel', 'ivan.hanzel@seznam.cz', 1971, 1, 'Sázava,sídliště 9.května 371.28506', '', NULL, 20067, 1, '', '2010-05-02 09:32:38'),
(15, 2, 7, 'Petr', 'Jelínek', 'jelinek@hntechnology.cz', 1968, 1, 'Kolín, Moravcova 852, 280 00', 'DFJK Team', NULL, 20068, 1, '', '2010-05-03 15:14:11'),
(16, 2, 6, 'Radim', 'Aust', 'radim.aust@unicreditgroup.cz', 1974, 1, 'Praha 8 - Kobylisy, Frýdlantská 1305, 18200', 'UniCredit Bike Team', NULL, 20069, 1, '', '2010-05-04 16:06:21'),
(17, 2, 6, 'Tomáš', 'Valta', 'tomas.valta@unicreditgroup.cz', 1975, 1, 'Šimonovice, Minkovická 95, 463 12', 'UniCredit Bike Team', NULL, 20070, 1, '', '2010-05-04 17:32:08'),
(18, 2, 6, 'David', 'Münzberg', 'david.munzberg@unicreditgroup.cz', 1982, 1, 'Praha 4, Nad Údolím 403/1, 14700', 'UniCredit Bike Team', NULL, 20071, 1, '', '2010-05-04 17:37:26'),
(19, 2, 6, 'Roman', 'Vymětal', 'rvymetal@seznam.cz', 1979, 1, 'Besední 487/3, Praha 1', 'UniCredit Bike team', NULL, 20072, 1, '', '2010-05-05 14:54:07'),
(20, 2, 8, 'Drahoslav', 'Kobr', 'dkobr@seznam.cz', 1956, 1, 'Rokytnice nad Jizerou, Rokytno 96,  512 45', 'SK Zolboch Rokytnice', NULL, 20073, 1, '', '2010-05-09 11:48:10'),
(21, 2, 2, 'Tomáš', 'Kučera', 'tomik@hekto.cz', 1964, 1, 'Sázava, Verisova 461, 28506', 'Sázava', NULL, 20074, 1, '', '2010-05-10 17:09:42'),
(22, 2, 1, 'Michal', 'Šebesta', 'scheba@seznam.cz', 1983, 1, 'Milánská 419', 'Metro A', NULL, 20075, 1, '', '2010-05-10 20:19:00'),
(23, 2, 9, 'Hana', 'Horálková', 'h.hannah@seznam.cz', 1983, 2, 'Na Výsluní 223, Slaný', 'Toi Toi cykloklub Slaný', NULL, 20076, 0, '', '2010-05-11 09:33:30'),
(24, 2, 6, 'Jan', 'Flieger', 'fleg.divi@seznam.cz', 1984, 1, 'Divišov, Šternberská 249, 257 26', '', NULL, 20077, 1, '', '2010-05-11 17:10:00'),
(25, 2, 1, 'David', 'Krkoška', 'david.krkoska@seznam.cz', 1978, 1, 'Praha 4, Na Veselí 731/40, 14000', '', NULL, 20078, 1, '', '2010-05-14 14:32:31'),
(26, 2, 4, 'Lenka', 'Škvorová', 'lskvorova@seznam.cz', 1979, 2, 'Praha 4, Na Veselí 731/40, 14000', '', NULL, 20079, 1, '', '2010-05-14 14:36:15'),
(27, 2, 6, 'Jiří', 'Exner', 'jirka@exnerovi.eu', 1974, 1, 'Louňovice', '', NULL, 20080, 1, '', '2010-05-15 17:33:19'),
(28, 2, 8, 'Lubomír', 'Kubera', 'kubera@skokypraha.cz', 1954, 1, 'Praha Jasmínova 2603/21 10600', 'Skoky Praha ', NULL, 20081, 1, '', '2010-05-17 09:47:10'),
(29, 2, 8, 'Pavel', 'Svoboda', 'svoboda@skokypraha.cz', 1957, 1, 'Praha Lomená 56/864 16200', 'Skoky Praha ', NULL, 20082, 1, '', '2010-05-17 09:51:56'),
(30, 2, 7, 'Vít', 'Šaffek', 'saffek@skokypraha.cz', 1965, 1, 'Praha Vysočanská 563/59 19000', 'Skoky Praha ', NULL, 20083, 1, '', '2010-05-17 09:56:13'),
(31, 2, 1, 'vladimír', 'šimčák', 'vladimir.simcak@seznam.cz', 1983, 1, 'Sázava, Sklářská 304', '', NULL, 20084, 1, '', '2010-05-17 12:22:11'),
(32, 2, 6, 'petr', 'gavenda', 'vopicak-xs@email.cz', 1978, 1, 'Pardubice, Palackého 1948', '', NULL, 20085, 0, '', '2010-05-17 13:05:15'),
(33, 2, 9, 'tamara', 'jiráková', 'vopicak-xs@email.cz', 1987, 2, 'Pardubice, Palackého 1948', '', NULL, 20086, 0, '', '2010-05-17 13:07:30'),
(34, 2, 7, 'Roman', 'Zvolský', 'zvolsky@kessl.cz', 1965, 1, 'Radošov 180, 36272 Kyselka', 'Factor bike team', NULL, 20087, 1, '', '2010-05-17 13:44:58'),
(35, 2, 4, 'Petra', 'Pospíšilová', 'petra.pospisilka@seznam.cz', 1971, 2, 'MTB cenytisku - caffe nannini', '', NULL, 20088, 0, '', '2010-05-17 13:53:21'),
(36, 2, 6, 'Viktor', 'Krýda', 'viktor.kryda@seznam.cz', 1975, 1, 'Praha 9 Litošická 9 198 00', 'BIKERANCH', NULL, 20089, 1, '', '2010-05-17 18:08:15'),
(37, 2, 7, 'Jan', 'Čech', 'treko@cmail.cz', 1965, 1, 'Sázava, Lipová 93 285 06', '', NULL, 20090, 1, '', '2010-05-18 14:22:21'),
(38, 2, 4, 'Jiřina', 'Hrbková', 'JirinaHrbkova@seznam.cz', 1977, 2, 'Praha 10,Ústřední 192/6,10200', '', NULL, 20091, 1, '', '2010-05-18 15:18:55'),
(39, 2, 12, 'Martina', 'Zajícová', 'm.polipsy@seznam.cz', 1994, 2, 'Polipsy 44, Zruč nad Sázavou 285 22', '', NULL, 20092, 1, '', '2010-05-18 15:52:45'),
(40, 2, 7, 'Luděk', 'Nový', 'ludek.novy@tiscali.cz', 1964, 1, 'Louňovice, Dubová 264, 251 62 p. Mukařov', '', NULL, 20093, 1, '', '2010-05-18 19:21:42'),
(41, 2, 8, 'Miloš', 'Tadra', 'milos.tadra@tiscali.cz', 1959, 1, 'Františkov 2, Rokytnice nad Jizerou, 51245', 'SK Zolboch', NULL, 20094, 1, '', '2010-05-18 23:24:36'),
(42, 2, 8, 'Vladimír', 'Votoček', 'votocek.v@seznam.cz', 1958, 1, 'Rokytno 81, Rokytnice nad Jizerou, 512 45', 'SK Zolboch', NULL, 20095, 1, '', '2010-05-18 23:35:29'),
(43, 2, 6, 'Michal', 'Houška', 'houska@centrum.cz', 1978, 1, 'Praha 5, Píseckého 3, 150 00', '', NULL, 20096, 1, '', '2010-05-19 10:17:01'),
(44, 2, 6, 'Jan', 'Juklíček', 'jan.juklicek@atlas.cz', 1980, 1, 'Veselí, Veselí 129, 53501', '', NULL, 20097, 1, '', '2010-05-19 15:05:54'),
(45, 2, 2, 'Václav', 'Prošek', 'v.prosek@seznam.cz', 1970, 1, 'Svárov 76, 27351 p. Unhošť', '', NULL, 20098, 1, '', '2010-05-20 15:10:01'),
(46, 2, 6, 'Jan', 'Spevák', 'donzaag@seznam.cz', 1980, 1, 'Čerčany, K Vodárně 454, 257 22', 'Česyk', NULL, 20099, 1, '', '2010-05-21 10:21:43'),
(47, 2, 6, 'Tomáš', 'Bruner', 'tomas.bruner@centrum.cz', 1975, 1, 'Kaňkovská 663, Kutná Hora ', 'Brundibár KH :-)', NULL, 20100, 1, '', '2010-05-21 10:22:23'),
(48, 2, 2, 'Vladimír', 'Hetman', 'hetman@centrum.cz', 1967, 1, 'Sklářská 305 Sázava 28506', 'BIKE TEAM TPCA', NULL, 20101, 1, '', '2010-05-23 16:36:30'),
(49, 2, 1, 'Josef', 'Mach', 'pepa08@seznam.cz', 1988, 1, 'Stružinec 210', '', NULL, 20102, 1, '', '2010-05-24 22:04:19'),
(50, 2, 6, 'Jan', 'Havlíček', 'havlicek.honza@quick.cz', 1982, 1, 'Praha 4, Plickova 15, 14900', '', NULL, 20103, 1, '', '2010-05-25 11:42:17'),
(51, 2, 6, 'Zdeněk', 'Pekárek', 'Zdenek.Pekarek@seznam.cz', 1985, 1, 'Divišov', 'Divišov', NULL, 20104, 1, '', '2010-05-25 21:46:27'),
(52, 2, 6, 'Jiří', 'Halama', 'jiri.halama@post.cz', 1983, 1, 'Čerčany, Půlpánova 3, 257 22', 'TKP', NULL, 20105, 1, '', '2010-05-25 22:45:18'),
(53, 2, 7, 'Zdeněk ', 'Stach', 'zstach@click.cz', 1962, 1, 'Kollárova 431 Uhlířské Janovice', 'BEKROS BRNO', NULL, 20106, 1, '', '2010-05-28 10:26:46'),
(54, 2, 8, 'Jiří', 'Stach', 'zstach@click.cz', 1957, 1, 'Kollárova 431 Uhlířské Janovice', 'BEKROS BRNO', NULL, 20107, 1, '', '2010-05-28 10:30:50'),
(55, 2, 6, 'Vágner', 'Daniel', 'vagner@veskom.cz', 1982, 1, 'Praha 4, Jívenská 1271/5, 140 00', 'Factor Bike Team', NULL, 20108, 1, '', '2010-05-28 14:51:13'),
(56, 2, 1, 'David', 'Roj', 'davidroj@volny.cz', 1971, 1, 'Mnichovice', 'Felt Mnichovice', NULL, 20109, 1, '', '2010-05-28 23:10:21'),
(57, 2, 1, 'Jakub', 'Dobiáš', 'jakub.dobias@seznam.cz', 1986, 1, 'Roháčova 36, Praha 3, 13000', 'RB forever', NULL, 20110, 1, '', '2010-05-29 21:24:27'),
(58, 2, 7, 'Jiří', 'Pekárek', 'jirka.pekos@seznam.cz', 1961, 1, 'Rataje n. Sázavou 59, 28507', '', NULL, 20111, 1, '', '2010-05-29 21:29:46'),
(59, 2, 6, 'Ondřej', 'Pekárek', 'jirka.pekos@seznam.cz', 1984, 1, 'Pod Horizontem 203, Sázava, 28506', '', NULL, 20112, 1, '', '2010-05-29 21:31:36'),
(60, 2, 9, 'Barbora', 'Crkvová', 'barbucha113@seznam.cz', 1987, 2, 'Na Výfuku 113, Karlovy Vary', '', NULL, 20113, 1, '', '2010-05-29 21:33:21'),
(61, 2, 7, 'Rudolf', 'Vít', 'jirka.pekos@seznam.cz', 1970, 1, 'Malotice 101, okres Kolín', '', NULL, 20114, 1, '', '2010-05-29 21:35:08'),
(62, 2, 1, 'Jan', 'Juska', 'honzajuska@seznam.cz', 1982, 1, 'Kaštanová 722, Milovice, 289 23', 'žádný', NULL, 20115, 1, '', '2010-05-29 22:45:02'),
(63, 2, 11, 'Jakub', 'Jaroš', 'jarja92@seznam.cz', 1992, 1, 'Týnec nad Sázavou, Chrást nad Sázavou 138, 257 41', '', NULL, 20116, 1, '', '2010-05-30 00:03:01'),
(64, 2, 6, 'Petr', 'Čepa', 'petrcepa@gmail.com', 1974, 1, 'Praha, Křemenáčová 174/2, 10400', '', NULL, 20117, 1, '', '2010-05-30 12:42:31'),
(65, 2, 6, 'Radek', 'Sedláček ', 'opife@seznam.cz', 1975, 1, 'Jelínkova 1614', '', NULL, 20118, 1, '', '2010-05-30 14:14:18'),
(66, 2, 6, 'Pavel', 'Nejedlo', 'Pajaxx@seznam.cz', 1983, 1, 'Týnec nad Sázavou, K. H. Máchy 102, 257 41', 'TKP', NULL, 20119, 1, '', '2010-05-30 19:03:19'),
(67, 2, 7, 'Ivan', 'Arnold', 'ivan.arn@seznam.cz', 1962, 1, 'Slavická 3 Praha 5  150 00', '', NULL, 20120, 0, '', '2010-05-30 20:06:28'),
(68, 2, 9, 'Tamara', 'Jiráková', 'ammit@seznam.cz', 1985, 2, 'Palackého 1948, Parduice 53002', '', NULL, 20121, 1, '', '2010-05-30 20:33:38'),
(69, 2, 6, 'Petr', 'Gavenda', 'ammit@seznam.cz', 1978, 1, 'Palackého 1948, Pardubice 53002', '', NULL, 20122, 1, '', '2010-05-30 20:37:00'),
(70, 2, 6, 'Petr', 'Bulíř', 'p-bulda@seznam.cz', 1976, 1, 'Přepeře 122, 512 61', 'Podhájský játrofky', NULL, 20123, 1, '', '2010-05-30 20:49:13'),
(71, 2, 7, 'Mirosalv', 'Srb', '23mira@seznam.cz', 1963, 1, 'Sázava Sklářská 269', '', NULL, 20124, 1, '', '2010-05-30 20:52:36'),
(72, 2, 6, 'Petr', 'Novotný', 'skeletroll@gmail.com', 1975, 1, 'Turnov, Modřišice 51, 51101', 'Podhájský játrofky', NULL, 20125, 1, '', '2010-05-30 20:53:43'),
(73, 2, 6, 'Tomáš ', 'Dostál ', 'opife@seznam.cz', 1976, 1, 'Loukovec 30', '', NULL, 20126, 1, '', '2010-05-30 21:02:19'),
(74, 2, 9, 'Barbora', 'Dostálová', 'opife@seznam.cz', 1982, 2, 'Loukovec 30', '', NULL, 20127, 1, '', '2010-05-30 21:08:51'),
(75, 2, 11, 'Filip ', 'Novák', 'xtr66@seznam.cz', 1992, 1, 'Týnec nad Sázavou Zbořený Kostelec 138', '', NULL, 20128, 1, '', '2010-05-30 22:31:56'),
(76, 2, 2, 'Petr', 'Šimera', 'mtb@cenytisku.cz', 1966, 1, 'Lomená 119', 'caffenannini.cz', NULL, 20129, 1, '', '2010-05-31 08:39:39'),
(77, 2, 8, 'Miloslav', 'Michálek', 'michsazava@seznam.cz', 1959, 1, 'Sázava,Jiráskova 314,28506', '', NULL, 20130, 1, '', '2010-05-31 10:55:26'),
(78, 2, 6, 'Milan', 'Karkoš', 'mkarkos@volny.cz', 1978, 1, 'Plaňany, Za školou 321, 28104', '', NULL, 20131, 1, '', '2010-05-31 12:36:20'),
(79, 2, 3, 'Luboš', 'Švihel', 'ben.islav@seznam.cz', 1960, 1, 'Nádražní 245,285 22 Zruč nad Sázavou', 'Sokol Chochol', NULL, 20132, 1, '', '2010-05-31 12:50:49'),
(80, 2, 6, 'Ondřej', 'Johannis', 'johannis@seznam.cz', 1978, 1, 'Kolín, Veltrubská 825, 280 02', 'Kolín', NULL, 20133, 1, '', '2010-05-31 13:53:18'),
(81, 2, 7, 'Pavel', 'Švarc', 'pavel.venda@volny.cz', 1963, 1, 'Černínova 3,Praha 3.13000', 'VELOINTEST BIKE CLUB', NULL, 20134, 1, '', '2010-05-31 14:02:31'),
(82, 2, 1, 'JOSEF', 'BUKOVSKÝ', '80.pepa@seznam.cz', 1980, 1, 'KOLÍN,SLADKOVSKÉHO 616, 280 02', 'TREK KOLÍN', NULL, 20135, 1, '', '2010-05-31 16:10:32'),
(83, 2, 6, 'Václav', 'Kožíšek', 'weca@centrum.cz', 1980, 1, 'Nerudova 410', '', NULL, 20136, 1, '', '2010-05-31 20:42:52'),
(84, 2, 8, 'Michal', 'Čepička', 'michal@cepicka.cz', 1960, 1, 'Mikoláše Alše 375 Kolín 2  280 02', 'Scott Cycling Team Kolín', NULL, 20137, 1, '', '2010-05-31 22:48:19'),
(85, 2, 6, 'Matěj', 'Čepička', 'matej@cepicka.cz', 1987, 1, 'Fúgnerova 445 Kolín 2  280 02', 'Scott Cycling Team Kolín', NULL, 20138, 1, '', '2010-05-31 22:55:27'),
(86, 2, 1, 'Josef', 'Beneš', 'josefbenes@centrum.cz', 1982, 1, 'Úžice, Chrastná č. 14, 28504', '', NULL, 20139, 1, '', '2010-05-31 23:16:40'),
(87, 2, 7, 'Milan', 'Kopp', 'kopp@brema.cz', 1968, 1, 'sídliště II č. 28, 25168 Kamenice', '', NULL, 20140, 1, '', '2010-06-01 07:52:00'),
(88, 2, 6, 'Jakub', 'Novák', 'kliklong@email.cz', 1982, 1, 'Uhlířské Janovice, Kolínská 444, 28504', 'CK Přerov', NULL, 20141, 1, '', '2010-06-01 09:15:30'),
(89, 2, 2, 'Tomáš ', 'Saňa', 'tsana@msz.pha.justice.cz', 1970, 1, 'Praha 9, Kučerova 769, 198 00', 'Tosa', NULL, 20142, 1, '', '2010-06-01 13:22:31'),
(94, 2, 1, 'Radek', 'Pour', 'pbpourova@seznam.cz', 1978, 1, 'Kytínská 849, Mníšek pod Brdy 252 10', '', NULL, 20147, 1, '', '2010-06-01 20:04:53'),
(91, 2, 6, 'Ondřej', 'Bandík', 'bandikzamecnictvi@seznam.cz', 1971, 1, 'Vrcha II 414 Divišov 25726', '', NULL, 20144, 1, '', '2010-06-01 16:26:03'),
(92, 2, 7, 'Míra', 'Mestek', 'servis@velointest.cz', 1966, 1, 'Praha 12,K dolům 919, 14300', 'VELOINTEST BIKE CLUB', NULL, 20145, 1, '', '2010-06-01 16:45:08'),
(93, 2, 7, 'Jiří', 'Strnad', 'oaza@oazarest.cz', 1968, 1, 'Turkovice 87, Ondřejov 251 65', '', NULL, 20146, 1, '', '2010-06-01 17:28:22'),
(95, 2, 6, 'Karel ', 'Ptáček', 'Karlossantos@seznam.cz', 1991, 1, 'Praha,Urbanova 4, 15800', 'Ski Klub Řevnice', NULL, 20148, 1, '', '2010-06-01 20:24:18'),
(96, 2, 2, 'Václav ', 'Jíša', 'vaclavbikezhas@seznam.cz', 1966, 1, 'Kolín, Roháčova 261, 280 02', 'Kominíci Kolín', NULL, 20149, 1, '', '2010-06-01 20:45:21'),
(97, 2, 10, 'Marie', 'Jíšová', 'Ma.Jisova@seznam.cz', 1969, 2, 'Kolín, Roháčova 261, 280 02', 'Kominíci Kolín', NULL, 20150, 1, '', '2010-06-01 20:49:29'),
(98, 2, 2, 'Josef', 'Vorel', 'vorel.josef@seznam.cz', 1966, 1, 'Příčina 72, 270 35', 'Ramala', NULL, 20151, 1, '', '2010-06-01 20:58:36'),
(99, 2, 6, 'Petr', 'Holomeček', 'pholomecek@chello.cz', 1973, 1, 'Jeremenkova 3', 'Bistromatic 42', NULL, 20152, 1, '', '2010-06-01 23:47:47'),
(100, 2, 8, 'Josef', 'Novák', 'autojnovak@seznam.cz', 1958, 1, 'Uhl. Janovice Kolínská 444  psč 28504', '', NULL, 20153, 1, '', '2010-06-02 07:48:16'),
(101, 2, 7, 'Jan', 'Suchopár', 'jan.suchopar@stabilplastik.cz', 1962, 1, 'Praha 6, Na krutci 15, 160 00', '', NULL, 20154, 1, '', '2010-06-02 09:10:10'),
(102, 2, 12, 'Alžběta', 'Suchopárová', 'jan.suchopar@stabilplastik.cz', 1993, 2, 'Praha 6,Na Krutci 15, 160 00 ', '', NULL, 20155, 1, '', '2010-06-02 09:13:02'),
(103, 2, 6, 'Venca', 'Hönig', 'huh@centrum.cz', 1977, 1, 'Novodvorská 1133', 'Sirotek', NULL, 20156, 1, '', '2010-06-02 10:29:47'),
(104, 2, 6, 'Petr', 'Kříž', 'krojcz@seznam.cz', 1983, 1, 'Zliv, Dukelská, 469', 'Brdonoš Podlesí', NULL, 20157, 1, '', '2010-06-02 12:12:18'),
(105, 2, 6, 'Ondřej', 'Palička', 'palicka@lesy-praha.cz', 1971, 1, 'Nad dálnicí 1440, Praha 5 - Zbraslav', '', NULL, 20158, 1, '', '2010-06-02 12:58:33'),
(106, 2, 1, 'Libor', 'Mensa', 'Libor.Mensa@seznam.cz', 1984, 1, 'Kolín, Dukelských hrdinů 614, 280 00', 'Kolín', NULL, 20159, 1, '', '2010-06-02 13:07:41'),
(107, 2, 6, 'Tomáš', 'Pirk', 'tpirk@osoud.pha3.justice.cz', 1973, 1, 'Konojedy - Klíče, č.p. 130', '', NULL, 20160, 1, '', '2010-06-02 14:37:52'),
(108, 2, 10, 'Monika', 'Stříbrská', 'monika.stribrska@seznam.cz', 1965, 2, 'Praha 5, Pražského 638/30, 152 00', 'FULMINANTE BIKE TEAM', NULL, 20161, 1, '', '2010-06-02 16:05:32'),
(109, 2, 9, 'Veronika', 'Stříbrská', 'veroonka@hotmail.com', 1987, 2, 'Praha 5, Pražského 638/30, 152 00', 'FULMINANTE BIKE TEAM', NULL, 20162, 1, '', '2010-06-02 16:22:09'),
(110, 2, 6, 'Michal', 'Stříbrský', 'Misak.Stribro@seznam.cz', 1990, 1, 'Praha 5, Pražského 638/30, 152 00', 'FULMINANTE BIKE TEAM', NULL, 20163, 1, '', '2010-06-02 16:26:31'),
(111, 2, 9, 'Klára', 'Svobodová', 'klarkaa@seznam.cz', 1983, 2, 'Dolní Rychnov, Černý Vrch 410, 356 04', 'FULMINANTE BIKE TEAM', NULL, 20164, 1, '', '2010-06-02 16:32:45'),
(112, 2, 9, 'Kateřina', 'Šormová', 'k.selingerova@seznam.cz', 1981, 2, 'Praha 2, Římská 37', 'FULMINANTE BIKE TEAM', NULL, 20165, 1, '', '2010-06-02 16:36:19'),
(113, 2, 9, 'Pavlína', 'Petrásková', 'petraskova@lesoservis.cz', 1977, 2, 'Uhlířské Janovice, Hasičská 843, 285 04', 'FULMINANTE BIKE TEAM', NULL, 20166, 1, '', '2010-06-02 16:48:55'),
(114, 2, 1, 'Michal', 'Čanda', 'Candys23@seznam.cz', 1993, 1, 'Vlašim, Dvořákova 1629, 25801', '', NULL, 20167, 1, '', '2010-06-02 18:03:26'),
(115, 2, 7, 'Miroslav', 'Dejda', 'dejda@volny.cz', 1961, 1, 'Kolín,Královská cesta 528,28002', '', NULL, 20168, 1, '', '2010-06-02 19:33:51'),
(116, 2, 11, 'Jan', 'Klenovec', 'honza.k.25@seznam.cz', 1993, 1, 'Týnec nad Sázavou, Zbořený Kostelec, 257 41', '', NULL, 20169, 1, '', '2010-06-02 20:30:23'),
(117, 2, 1, 'Jakub', 'Votoček', 'j.votocek@centrum.cz', 1972, 1, 'Stříbrná Skalice, Sázavská 395, 28167', 'Bistromatic 42', NULL, 20170, 1, '', '2010-06-02 20:39:04'),
(118, 2, 6, 'David', 'Křenek', 'david.dks@centrum.cz', 1971, 1, 'Praha 2, Londýnská 25, 120 00', '', NULL, 20171, 1, '', '2010-06-02 23:35:44'),
(119, 2, 6, 'Miroslav', 'Pechr', 'mpechr@homecredit.cz', 1983, 1, 'Třebsko 78, 26242', 'Brdonoš Podlesí', NULL, 20172, 1, '', '2010-06-03 08:06:56'),
(120, 2, 10, 'Jana', 'Žáčková', 'j.zaky@volny.cz', 1967, 2, 'Slatina 35, p.Olovnice, 273 26', 'Oceloví Letci', NULL, 20173, 1, '', '2010-06-03 09:44:07'),
(121, 2, 1, 'MARTIN', 'JANU', 'janu-martin@seznam.cz', 1976, 1, 'MLADA VOZICE 17.LISTOPADU 524 39143', 'CK MLADA VOZICE', NULL, 20174, 1, '', '2010-06-03 15:20:46'),
(122, 2, 11, 'Libor', 'Tuček', 'libor.tucek@email.cz', 1992, 1, 'Bernardov 39, 284 01 Kutná Hora', 'TT Čáslav', NULL, 20175, 1, '', '2010-06-03 16:10:46'),
(123, 2, 9, 'Martina', 'Kukačková', 'orezavatko@post.cz', 1983, 2, 'Čerčany, Sázavská 315, 257 22', '', NULL, 20176, 1, '', '2010-06-03 18:01:05'),
(124, 2, 6, 'Martin', 'Wenzel', 'martinwena@centrum.cz', 1985, 1, 'Zlenice, Lipová 48 , 25722', '', NULL, 20177, 0, '', '2010-06-03 18:16:19'),
(125, 2, 7, 'PETR', 'CUDRÁK', 'PCUDRAK@SEZNAM.CZ', 1966, 1, 'PRAHA 4 KLÁNOVA 1536 14700', '', NULL, 20178, 1, '', '2010-06-03 19:27:30'),
(126, 2, 6, 'PETR', 'CUDRÁK', 'PCUDRAK@SEZNAM.CZ', 1990, 1, 'PRAHA 4 KLÁNOVA 1536 14700', '', NULL, 20179, 1, '', '2010-06-03 19:30:57'),
(127, 2, 2, 'Karel', 'Vejdovský', 'k.vejdovsky@volny.cz', 1969, 1, 'Kolín, Sokolská 103, 28002', 'Kominíci Kolín', NULL, 20180, 1, '', '2010-06-03 22:16:27'),
(128, 2, 10, 'Pavla', 'Kašparová', 'Jarana1@seznam.cz', 1966, 2, 'Kralupy nad Vtlavou, Hůrka 1044, 278 01 ', 'KČT MTB Kralupy nad Vltavou ', NULL, 20181, 1, '', '2010-06-04 08:36:41'),
(129, 2, 7, 'František', 'Vebr', 'vebr.f@centrum.cz', 1963, 1, 'Kutná Hora Masarykova 537 28401', '', NULL, 20182, 1, '', '2010-06-04 09:19:31'),
(130, 2, 1, 'Tomáš', 'Mařík', 'tkmarik@seznam.cz', 1988, 1, 'Poříčí nad Sázavou, Ke Kříži 273, 25721', 'Česyk', NULL, 20183, 1, '', '2010-06-04 10:23:29'),
(131, 2, 11, 'Jan ', 'Mařík', 'jkmarik@seznam.cz', 1993, 1, 'Poříčí nad Sázavou,Ke Kříži 273, 25721', 'CT Budvar Tábor', NULL, 20184, 1, '', '2010-06-04 10:26:46'),
(132, 2, 2, 'Tomáš', 'Matoušek', 'matousek44@seznam.cz', 1970, 1, 'Benešov,Konopištˇská 541,25601', 'AUTO TOMI', NULL, 20185, 1, '', '2010-06-04 10:56:36'),
(133, 2, 1, 'Milan', 'Ruttner', 'milanrutto@seznam.cz', 1971, 1, 'Benešov,Konopištˇská 541,25601', 'AUTO TOMI', NULL, 20186, 1, '', '2010-06-04 11:06:15'),
(134, 2, 7, 'Jaroslav', 'Karlík', 'karlik@hntechnology.cz', 1970, 1, 'Nymburk, Dědinova 1920, 28802', 'DFJK', NULL, 20187, 1, '', '2010-06-04 15:23:47'),
(135, 2, 6, 'Tomáš', 'Fulín', 'fulin@hntechnology.cz', 1978, 1, 'Kolín, Želivského 806, 28000', 'DFJK', NULL, 20188, 1, '', '2010-06-04 15:26:34'),
(136, 2, 1, 'Filip', 'Lukeš', 'filip.lukes@advantage-fl.cz', 1977, 1, 'Louňovice 266, 25162', 'ABC - Advantage Bike Club', NULL, 20189, 1, '', '2010-06-04 21:50:47'),
(137, 2, 6, 'Pavel', 'Khol', 'pavel.khol@seznam.cz', 1976, 1, 'Mrač 126, 25721', '', NULL, 20190, 1, '', '2010-06-04 22:03:16'),
(138, 2, 2, 'Jan', 'Ruzha', 'jan.ruzha@seznam.cz', 1966, 1, 'Týnec nad Sázavou,Čakovická,25741', 'Nadšenci z Posázaví', NULL, 20191, 1, '', '2010-06-04 22:40:38'),
(139, 2, 6, 'Jan', 'Hauf', 'haufik@seznam.cz', 1977, 1, 'Olštýnská 733/3, 181 00 Praha 8', 'STS Chvojkovice Brod', NULL, 20192, 1, '', '2010-06-05 08:10:55'),
(140, 2, 8, 'Antonín ', 'Zavadil', 'tonda.zavadil@seznam.cz', 1949, 1, 'Kamenný Přívoz 220 252 82 Kamenný Přívoz', 'NADŠENCI Z POSAZAVÍ', NULL, 20193, 1, '', '2010-06-06 07:08:51'),
(141, 2, 6, 'Vladimír', 'Treybal', 'treybalv@email.cz', 1976, 1, 'Praha, Rezlerova 287, 10900', 'Hejvy\\''s Intimmate Team', NULL, 20194, 0, '', '2010-06-06 07:35:21'),
(142, 2, 6, 'Martin', 'Kučera', 'martin83@centrum.cz', 1983, 1, 'Kolín, U Borků 1314, 28002', '', NULL, 20195, 1, '', '2010-06-06 07:37:30'),
(143, 2, 9, 'Běla', 'Steinbachová', 'b.steinbachova@seznam.cz', 1985, 2, 'Sázava, Lípová, 28506', 'Planet Toys Cycling', NULL, 20196, 1, '', '2010-06-06 08:07:53'),
(144, 2, 7, 'Martin ', 'Čakora', 'mcakkolo@seznam.cz', 1966, 1, 'Týnec nad Labem,B.Němcové281,28126', 'STS Vinařice', NULL, 20197, 1, '', '2010-06-06 08:22:37'),
(145, 2, 1, 'Jan', 'Kalaš', 'ka-las@volny.cz', 1980, 1, 'Novovysočanská 28 Praha 9 19000', 'Planet Toys Cycling', NULL, 20198, 1, '', '2010-06-06 13:45:48'),
(146, 2, 6, 'Petr', 'Hanzel', 'petr.hanzel@atlas.cz', 1986, 1, 'Kutná Hora, 17.listopadu 113, 28401', 'Bike club Kutná Hora', NULL, 20199, 1, '', '2010-06-06 16:42:44'),
(147, 2, 2, 'RICHARD', 'ZDENĚK', 'Richard124@seznam.cz', 1966, 1, 'PRAHA9,KATUSICKÁ695,19700', 'SOKOL KBELY', NULL, 20200, 1, '', '2010-06-06 17:23:12'),
(148, 2, 6, 'Vladimír', 'Treybal', 'treybalv@email.cz', 1976, 1, 'Praha, Svojetická, 10000', 'Hejvys Intimmate Team', NULL, 20201, 1, '', '2010-06-06 18:39:04'),
(149, 2, 7, 'Jiří', 'Kobr', 'martakobrova@seznam.cz', 1962, 1, 'Rokytnice nad Jizerou, Rokytno 96,  51245', 'CK ZOLBOCH', NULL, 20202, 1, '', '2010-06-06 20:01:07'),
(150, 2, 6, 'Pavel', 'Pírko', 'pirko@emco.cz', 1974, 1, 'Praha 9, Donínská 1768, 190 16', '', NULL, 20203, 1, '', '2010-06-06 20:53:19'),
(151, 2, 1, 'Lukáš', 'Mejdrech', 'lukasmejdrech@atlas.cz', 1985, 1, 'Praha 5, Běhounkova 2453, 158 00', '', NULL, 20204, 1, '', '2010-06-06 20:58:23'),
(152, 2, 1, 'Radek', 'Leeb', 'radek.leeb@advantage-fl.cz', 1978, 1, 'Na Výsluní 192, Sázava', 'LBC Leeban''s Bike Club', NULL, 20205, 0, '', '2010-06-06 22:01:23'),
(153, 2, 1, 'Radek', 'Leeb', 'radek.leeb@advantage-fl.cz', 1978, 1, 'Na Výsluní 192', 'LBC Leeban''s Bike Club', NULL, 20206, 1, '', '2010-06-06 22:03:28'),
(154, 2, 6, 'Radek', 'Novák', 'ranak@centrum.cz', 1978, 1, 'Ledečko, Ledečko, 28506', '', NULL, 20207, 1, '', '2010-06-06 22:47:33'),
(155, 2, 1, 'Michal', 'Veselý', 'pateo@seznam.cz', 1980, 1, 'Čtyřkoly', 'ČESYK', NULL, 20208, 1, '', '2010-06-07 00:14:07'),
(156, 2, 9, 'Hanka', 'Vrbovcová', 'h.vrbovcova@centrum.cz', 1980, 2, 'Praha 4, Na Jezerce 55, 14000', 'ČESYK', NULL, 20209, 1, '', '2010-06-07 00:17:44'),
(157, 2, 1, 'Boris', 'Bittner', 'bittner.boris@seznam.cz', 1982, 1, 'Přistoupim 106, Český Brod, 282 01', '', NULL, 20210, 0, '', '2010-06-07 07:09:32'),
(158, 2, 2, 'Boris', 'Bittner', 'bittner.boris@seznam.cz', 1964, 1, 'Přistoupim 106, Český Brod, 282 01', '', NULL, 20211, 1, '', '2010-06-07 07:11:16'),
(159, 2, 9, 'Katarína', 'Ludvíková', 'ludida@seznam.cz', 1979, 2, 'Krymlov 77, 281 63', '', NULL, 20212, 1, '', '2010-06-07 08:32:04'),
(160, 2, 3, 'Jiří', 'VRBATA', 'vrbata@cmail.cz', 1958, 1, 'Zbořený Kostelec 89,Týnec nad Sázavou, 257 41', 'Nadšenci z Posázaví', NULL, 20213, 1, '', '2010-06-07 08:35:24'),
(161, 2, 3, 'Miroslav', 'Svoboda', 'm.svoboda@vesta.cz', 1952, 1, 'Praha 9, Divišova 11, 190 00', 'Sokol Kbely', NULL, 20214, 1, '', '2010-06-07 09:34:22'),
(162, 2, 6, 'Jan', 'Prchal', 'smallmagus@email.cz', 1972, 1, 'Na bělidle 13', '', NULL, 20215, 1, '', '2010-06-07 10:04:15'),
(163, 2, 6, 'Jakub', 'Prchal', 'jimmy.prchal@post.cz', 1981, 1, 'Na bělidle 13', '', NULL, 20216, 1, '', '2010-06-07 10:07:06'),
(164, 2, 6, 'Tomáš', 'Braun', 'tomik.braun@gmail.com', 1989, 1, 'Za Humny 358, Liberec, 46312', 'Sportovni klub Inpos', NULL, 20217, 1, '', '2010-06-07 10:44:42'),
(165, 2, 6, 'Petr', 'Janeček', 'kemo@seznam.cz', 1979, 1, 'Antala Staška 59', 'OSL Ekonom', NULL, 20218, 1, '', '2010-06-07 13:40:12'),
(166, 2, 2, 'Štěpán', 'Marko', 'stepan.marko@seznam.cz', 1966, 1, 'Praha 5, Grafická 16, 150 00', 'ne', NULL, 20219, 1, '', '2010-06-07 13:44:05'),
(167, 2, 9, 'Gabriela', 'Marko', 'stepan.marko@seznam.cz', 1976, 2, 'Praha 5, Grafická 16, 150 00', 'ne', NULL, 20220, 1, '', '2010-06-07 13:48:51'),
(168, 2, 6, 'Jan', 'Slanina', 'h.slanina@seznam.cz', 1981, 1, 'Ovčí Hájek 2162/22', 'cyklotým RVS', NULL, 20221, 0, '', '2010-06-07 14:08:02'),
(169, 2, 6, 'Jan', 'Dvořák', 'hojik@email.cz', 1983, 1, 'Kodaňská 47, Praha 10 - Vršovice, 101 00', 'cyklotým RVS', NULL, 20222, 1, '', '2010-06-07 14:14:55'),
(170, 2, 6, 'Martin', 'Pojman', 'faraonek@seznam.cz', 1972, 1, 'K Podjezdu 1608/11', '', NULL, 20223, 1, '', '2010-06-07 14:49:50'),
(171, 2, 6, 'Jiří', 'Pohůnek', 'jan.ruzha@seynam.cz', 1974, 1, 'Týnec nad Sázavou,1.Máje,257 41', 'Nadšenci z Posázaví', NULL, 20224, 0, '', '2010-06-07 15:35:18'),
(172, 2, 6, 'Dušan', 'Čermák', 'ja.ruzha@seznam.cz', 1979, 1, 'Týnec nad Sázavou,Husova,257 41', 'Nadšenci z Posázaví', NULL, 20225, 1, '', '2010-06-07 15:38:10'),
(173, 2, 8, 'Miroslav', 'Pek', 'peksport@peksport.cz', 1958, 1, 'Na křivině 14/61, Praha 4, 140 00', 'Peksport', NULL, 20226, 1, '', '2010-06-07 15:42:08'),
(174, 2, 3, 'Jiří', 'Pilát', 'jan.ruzha@seznam.cz', 1959, 1, 'Benešov,Jana Švermy,256 01', 'Nadšenci z Posázaví', NULL, 20227, 1, '', '2010-06-07 15:45:16'),
(175, 2, 8, 'Jaroslav', 'Skála', 'matousek44@seznam.cz', 1950, 1, 'Benešov,Konopištˇská 541,256 01', 'AUTO TOMI', NULL, 20228, 1, '', '2010-06-07 17:02:50'),
(176, 2, 6, 'Tomáš', 'Trojánek', 'info@bajkservis.cz', 1975, 1, 'Pavlíkova 1528, 25601 Benešov', '', NULL, 20229, 1, '', '2010-06-07 17:57:10'),
(177, 2, 1, 'Miroslav', 'Malý', 'mirobiker@seznam.cz', 1980, 1, 'Komárov, Kvaň 27, 26762', 'Kvaň', NULL, 20230, 1, '', '2010-06-07 18:24:05'),
(178, 2, 7, 'David', 'Nováček', 'davy.n@seznam.cz', 1970, 1, 'Revoluční 24, Praha 1, 110 00', '', NULL, 20231, 1, '', '2010-06-07 19:20:35'),
(179, 2, 8, 'Lubomír', 'Čihák', 'lubomir.cihak@seznam.cz', 1953, 1, '28917 Semice 290', '', NULL, 20232, 1, '', '2010-06-07 20:10:55'),
(180, 2, 10, 'Iva ', 'Čiháková', 'lubomir.cihak@seznam.cz', 1957, 2, '28917 Semice 290', '', NULL, 20233, 1, '', '2010-06-07 20:13:40'),
(181, 2, 6, 'Ondřej', 'Beran', 'ondrejberan@centrum.cz', 1989, 1, 'Sídliště 9.května 287 Sázava', '', NULL, 20234, 1, '', '2010-06-07 20:24:56'),
(182, 2, 7, 'Martin', 'Kindl', 'michaela.kindlova@volny.cz', 1961, 1, 'Praha 1, Tomášská 10, 118 00', '', NULL, 20235, 1, '', '2010-06-07 20:24:59'),
(183, 2, 6, 'Petr', 'Beneš', 'veronika.hajna@gmail.com', 1980, 1, 'Kutná Hora, Jana Palacha 161, 284 01', 'Bike klub Kutná Hora', NULL, 20236, 1, '', '2010-06-07 20:32:27'),
(184, 2, 7, 'Karel', 'Kahoun', 'jetotrapny@email.cz', 1961, 1, 'Libeň', '', NULL, 20237, 1, '', '2010-06-07 20:34:04'),
(185, 2, 6, 'Richard', 'Kůrka', 'ijakunka@seznam.cz', 1973, 1, 'Sázava, Sídliště 9. května 368, 285 06', '', NULL, 20238, 1, '', '2010-06-07 20:51:03'),
(186, 2, 3, 'Bohuslav', 'Kára', 'bohuslav.kara@volny.cz', 1953, 1, 'Jižní 120  Větrušice      25067', 'AC Sparta Praha Cycling', NULL, 20239, 1, '', '2010-06-07 21:11:37'),
(187, 2, 6, 'Tomáš', 'Bartsch', 't.bartsch@seznam.cz', 1988, 1, 'LIbeň 92, 252 41, Praha-západ', 'Zahořanská Klika', NULL, 20240, 1, '', '2010-06-07 21:59:45'),
(188, 2, 6, 'Petr', 'Běžel', 'bezapetr@seznam.cz', 1991, 1, 'Jablonec nad Nisou,Erbenova 17, 466 02', 'DRACI JABLONEC', NULL, 20241, 0, '', '2010-06-07 22:08:49'),
(189, 2, 6, 'Adam', 'Jahn', 'adamjahn@seznam.cz', 1990, 1, 'Jablonec nad Nisou, Erbenova 17,  466 02', 'DRACI  JABLONEC', NULL, 20242, 1, '', '2010-06-07 22:13:29'),
(190, 2, 7, 'Jan', 'Svatoš', 'jsvatos@volny.cz', 1966, 1, 'Parmská 361, Praha 10', 'TJ Vodní stavby Praha', NULL, 20243, 1, '', '2010-06-07 22:44:37'),
(191, 2, 11, 'Ondřej ', 'Svatoš', 'osvatos@volny.cz', 1995, 1, 'Parmská 361, Praha 10', 'TJ Vodní stavby Praha', NULL, 20244, 1, '', '2010-06-07 22:47:36'),
(192, 2, 6, 'Jiří', 'Pohůnek', 'jan.ruzha@seznam.cz', 1982, 1, 'Týnec nad Sázavou,1.Máje,257 41', 'Nadšenci z Posázaví', NULL, 20245, 1, '', '2010-06-07 22:47:47'),
(193, 2, 6, 'Petr', 'Slavík', 'pet.slavik@t-mobile.cz', 1976, 1, 'Mnichovice 851', '', NULL, 20246, 0, '', '2010-06-07 23:01:21'),
(197, 2, 4, 'Anna', 'Haselbauerová', 'acicha@kabelta.cz', 1974, 2, 'Bechyňská 23,Soběslav 39201', 'Cyklo Švec Soběslav', NULL, 20250, 1, '', '2010-06-08 08:54:23'),
(195, 2, 8, 'Jaroslav', 'Vaňous', 'jaroslav.vanous@austromar.cz', 1956, 1, 'Kodaňská 536/27', 'Lonely Bikers', NULL, 20248, 1, '', '2010-06-08 08:08:15'),
(196, 2, 7, 'Stanislav ', 'Dvořák', 'standadvorak.sd@seznam.cz', 1962, 1, 'Divišov  Na sídlišti 244', 'Divišov', NULL, 20249, 1, '', '2010-06-08 08:34:53'),
(198, 2, 6, 'Robert', 'Slavětínský', 'matousek44@seznam.cz', 1972, 1, 'Benešov,Konopištˇská 541,256 01', 'AUTO TOMI Benešov', NULL, 20251, 1, '', '2010-06-08 09:10:23'),
(199, 2, 8, 'Miroslav', 'Pazderka', 'mipa306@volny.cz', 1959, 1, 'Uhlířské Janovice', '', NULL, 20252, 1, '', '2010-06-08 10:12:15'),
(200, 2, 7, 'Martin', 'Bělík', 'martin@belik.eu', 1965, 1, 'Jiráskova 315, Sázava, 285 06', 'Fit Fat', NULL, 20253, 1, '', '2010-06-08 10:25:57'),
(201, 2, 10, 'Zuzana', 'Bělíková', 'zuzana@belik.eu', 1966, 2, 'Jiráskova 315, Sázava 285 06', 'Fit Fat', NULL, 20254, 1, '', '2010-06-08 10:29:52'),
(202, 2, 6, 'Vratislav', 'Donát', 'vratislav.donat@gmail.com', 1980, 1, 'Praha 10, Ke Strašnické 12, 100 00', '', NULL, 20255, 1, '', '2010-06-08 11:08:08'),
(203, 2, 6, 'Matyáš', 'Pokorný', 'mpart@mujmail.cz', 1988, 1, 'Benešov, Čechova 878, 25601', '', NULL, 20256, 1, '', '2010-06-08 11:13:01'),
(204, 2, 8, 'Miroslav', 'Pokorný', 'mpokorny@seznam.cz', 1960, 1, 'Benešov, Čechova 878, 25601', '', NULL, 20257, 1, '', '2010-06-08 11:16:59'),
(205, 2, 6, 'Milan', 'Baloun', 'balounm@email.cz', 1979, 1, 'benešov, ladova 1413, 25601', 'Milda tým', NULL, 20258, 1, '', '2010-06-08 11:19:00'),
(206, 2, 1, 'František', 'Buchta', 'fandabuchta@seznam.cz', 1973, 1, 'Vlastějovice-City, Vlastějovice 98, 28523', '', NULL, 20259, 1, '', '2010-06-08 11:33:25'),
(207, 2, 6, 'Jaroslav', 'Malý', 'htczech@quick.cz', 1991, 1, 'Zruč nad Sázavou,Vlašimská 130,285 22', 'Cyklošvec ', NULL, 20260, 1, '', '2010-06-08 15:56:22'),
(208, 2, 7, 'Jiří', 'Čapek', 'htczech@quick.cz', 1965, 1, 'Zruč nad Sázavou,Dvouletky 706,285 22', 'SKC Zruč nad Sázavou', NULL, 20261, 1, '', '2010-06-08 15:58:36'),
(209, 2, 10, 'Denisa', 'Blažková', 'denisa.blazkova@parexel.com', 1968, 2, 'Praha 6, Ulrychova 23, 16200', '', NULL, 20262, 1, '', '2010-06-08 21:15:34'),
(210, 2, 7, 'Michal', 'Švarc', 'michalsvarc@seznam.cz', 1966, 1, 'Praha 4, K Habrovce 11, 14000', '', NULL, 20263, 1, '', '2010-06-08 21:22:49'),
(211, 2, 11, 'Matěj', 'Švarc', 'michalsvarc@seznam.cz', 1995, 1, 'Praha 4, K HAbrovce 11, 14000', '', NULL, 20264, 1, '', '2010-06-08 21:27:16'),
(212, 2, 6, 'Láďa', 'Vodvárka', 'LadislavVodvarka@seznam.cz', 1982, 1, 'Otryby 50', 'huana', NULL, 20265, 1, '', '2010-06-08 21:46:40'),
(213, 2, 6, 'Ondřej', 'Kunc', 'ondrakunc@gmail.com', 1988, 1, 'Polepy 204, Kolín, 280 02', '', NULL, 20266, 1, '', '2010-06-08 21:58:06'),
(214, 2, 7, 'Pavel', 'Šustr', 'pavel.sustr@seznam.cz', 1966, 1, 'Tábor , Havanská 2838 , 39005', 'ŠVEC CYKLOTEAM Soběslav', NULL, 20267, 1, '', '2010-06-08 22:25:55'),
(215, 2, 2, 'Jiří', 'Janovský', 'vorf.krystof@seznam.cz', 1968, 1, 'Světice, Ke školce 217, 25101', '', NULL, 20268, 0, '', '2010-06-08 22:28:42'),
(216, 2, 1, 'Martin', 'Vít', 'mavit@post.cz', 1980, 1, 'Šťáhlavy, Na Průhonu 518, 332 03', 'Šťáhlavy', NULL, 20269, 1, '', '2010-06-08 22:50:12'),
(217, 2, 11, 'Michal', 'Šíma', 'saman1992@seznam.cz', 1992, 1, 'Písecká 11 Praha 3', 'Sp Kolo', NULL, 20270, 1, '', '2010-06-09 00:11:51'),
(218, 2, 7, 'Vladimír', 'Šíma', 'simakov@seznam.cz', 1962, 1, 'Písecká 11 Praha 3', '', NULL, 20271, 1, '', '2010-06-09 00:14:57'),
(219, 2, 9, 'Ivana', 'Jurkaninova', 'ivana.jurkaninova@seznam.cz', 1978, 2, 'Hovorčovice, Březiněveská 333, 250 64', '-', NULL, 20272, 1, '', '2010-06-09 08:35:40'),
(220, 2, 6, 'Vít', 'Jahoda', 'jahoda.vit@seznam.cz', 1983, 1, 'Krusičany 35', 'TKP', NULL, 20273, 1, '', '2010-06-09 08:57:33'),
(221, 2, 6, 'Michal', 'Šupka', 'supkam@bnhelp.cz', 1972, 1, 'Benešov, Pražského povstání 2096, 25601', '', NULL, 20274, 1, '', '2010-06-09 09:51:35'),
(222, 2, 9, 'Jana', 'Štěpánková', 'stepankova@geomap.cz', 1973, 2, 'Přibyšice 13, Neveklov, 25756', '', NULL, 20275, 1, '', '2010-06-09 10:05:50'),
(223, 2, 6, 'Marek', 'Gold', 'gold@emco.cz', 1979, 1, 'Vršovická 40, Praha', 'Emco', NULL, 20276, 1, '', '2010-06-09 11:15:54'),
(224, 2, 6, 'Ludek', 'Špejzl', 'spejzl@emco.cz', 1974, 1, 'Sadová 177, Horoměřice', 'Emco', NULL, 20277, 1, '', '2010-06-09 14:05:09'),
(225, 2, 6, 'Arnošt', 'Novák', 'arnovak@centrum.cz', 1973, 1, 'Zelenečská 130/36, 19400 Praha 14', 'Factor Bike Team', NULL, 20278, 1, '', '2010-06-09 15:22:22'),
(226, 2, 6, 'Vladimír', 'Daneš', 'vladimirdanes@gmail.com', 1989, 1, 'Sídliště 9. Května 232 Sázava', '', NULL, 20279, 1, '', '2010-06-09 17:09:12'),
(227, 2, 6, 'Jan', 'Pícha', 'Slyer999@seznam.cz', 1991, 1, 'Sázava, Sklářská 304, 285 06', '', NULL, 20280, 1, '', '2010-06-09 17:10:56'),
(228, 2, 1, 'Filip', 'Ludvík', 'filipludvik@seznam.cz', 1981, 1, 'Krymlov 77, 281 63', 'Peksport', NULL, 20281, 1, '', '2010-06-09 18:25:59'),
(230, 2, 1, 'Václav', 'Candra', 'vaclav.candra@centrum.cz', 1976, 1, 'Praha, Na Žertvách 1221/16, 18000 ', 'PLANET TOYS CYCLING', NULL, 20283, 1, '', '2010-06-09 20:28:32'),
(231, 2, 1, 'Vlastimil', 'Karban', 'vlasta.karban@centrum.cz', 1980, 1, 'Radlik 3 Jílové u Prahy  25401', 'BIKE RADLIK TEAM', NULL, 20284, 1, '', '2010-06-09 22:58:39'),
(232, 2, 6, 'Petr', 'Weiman', 'PWeiman@seznam.cz', 1979, 1, 'Javorník 23,p.Čerčany,257 22,okr.Benešov', 'ČESYK', NULL, 20285, 1, '', '2010-06-09 23:44:10'),
(233, 2, 6, 'Miroslav', 'Fremund', 'mirekfr@volny.cz', 1972, 1, 'Jihlava, Tyršovav6, 58601', 'MTBike team', NULL, 20286, 1, '', '2010-06-10 00:13:26'),
(234, 2, 3, 'Jiří', 'Doležal', 'dolezal.sport@seznam.cz', 1959, 1, 'Osek, Slovenská 716,  417 05', 'factor bike team', NULL, 20287, 0, '', '2010-06-10 08:18:42'),
(235, 2, 10, 'Soňa', 'Křenová', 's.krenova@tiscali.cz', 1967, 2, 'Kácov 52, 285 09', 'TJ Sokol Kácov', NULL, 20288, 1, '', '2010-06-10 14:42:27'),
(236, 2, 1, 'Jan', 'Kubíček', 'jan_kubicek@seznam.cz', 1980, 1, 'Praha 5, Zdíkovská 3', 'Ovocný světozor', NULL, 20289, 0, '', '2010-06-10 15:14:10'),
(237, 2, 2, 'Petr', 'Kobrle', 'jan_kubicek@seznam.cz', 1962, 1, 'Praha 5, Zdíkovská 3', 'Ovocný světozor', NULL, 20290, 0, '', '2010-06-10 15:16:01'),
(238, 2, 1, 'Lukáš', 'Gál', 'khaxon@seznam.cz', 1980, 1, 'Praha, 18200', 'Central Bike', NULL, 20291, 0, '', '2010-06-10 23:54:28'),
(239, 2, 7, 'Karel', 'Vyleta', 'kvyleta@volny.cz', 1970, 1, 'Ŕevnice Kozinova 25230', 'B-Team Ŕevnice', NULL, 20292, 1, '', '2010-06-11 07:46:35'),
(240, 2, 8, 'Vlastimil', 'Daněk', 'vldanek@email.cz', 1958, 1, 'Miličín 312    25786', '', NULL, 20293, 1, '', '2010-06-11 11:39:30'),
(241, 2, 7, 'Luboš', 'Daněk', 'vldanek@email.cz', 1966, 1, 'Mělník 2722   25786', '', NULL, 20294, 1, '', '2010-06-11 11:45:23'),
(242, 2, 6, 'Tomáš', 'Kolenatý', 'tomaskolenaty@volny.cz', 1982, 1, 'Sázava Dělnická 107, 28506 ', '-', NULL, 20295, 0, '', '2010-06-11 13:22:26'),
(243, 2, 8, 'Tomáš', 'Kolenatý', 'tomaskolenaty@volny.cz', 1955, 1, 'Sázava Dělnická 107, 28506', '-', NULL, 20296, 1, '', '2010-06-11 13:25:04'),
(244, 2, 6, 'Martin', 'Boháč', 'bohacc@seznam.cz', 1981, 1, 'Benešov, U Elektrárny 526, 25601', '', NULL, 20297, 0, '', '2010-06-11 15:27:39'),
(245, 2, 6, 'Bohuslav', 'Stejskal', 'bohuslavstejskal@seznam.cz', 1982, 1, 'Praha 5, Floglova 1504, 155 00', '', NULL, 20298, 0, '', '2010-06-11 20:19:03'),
(246, 2, 8, 'Bohuslav', 'Stejskal', 'bohuslavstejskal@seznam.cz', 1957, 1, 'Praha 5, Floglova 1504, 155 00', '', NULL, 20299, 0, '', '2010-06-11 20:24:45'),
(247, 2, 8, 'Bohuslav', 'Stejskal', 'bohuslavstejskal@seznam.cz', 1957, 1, 'Praha 5, Floglova 1504, 155 00', '', NULL, 20300, 1, '', '2010-06-11 20:26:55'),
(248, 2, 2, 'Zdeněk', 'Svoboda', 'svobodazdenek@yahoo.com', 1963, 1, 'Praha 4 Na úhoru 4      14100', 'Točenské Torpédo', NULL, 20301, 1, '', '2010-06-11 20:43:14'),
(249, 2, 10, 'Andrea', 'REJHOLCOVÁ', 'rejzanda@seznam.cz', 1969, 2, 'Nový Bor,Palackého 887,47301', '', NULL, 20302, 0, '', '2010-06-11 23:45:24'),
(250, 2, 6, 'Michal', 'Rejholec', 'mrejholec@seznam.cz', 1974, 1, 'Nový Bor,Palackého 887,47301', '', NULL, 20303, 0, '', '2010-06-11 23:46:56'),
(251, 2, 1, 'Filip', 'Čermák', 'cermakf@centrum.cz', 1975, 1, '5.května 7/1324', '', NULL, 20304, 0, '', '2010-06-12 12:53:12'),
(252, 2, 1, 'Tomáš', 'Přitasil', 'tomas.pritasil@seznam.cz', 1972, 1, 'Štětkova ,Praha 4,140 00 ', '', NULL, 20305, 0, '', '2010-06-13 11:45:37'),
(253, 2, 6, 'Ondřej', 'Křivánek', 'ondrej.krivanek@centrum.cz', 1984, 1, 'Sluštická 8, 10000 Praha 10', '', NULL, 20306, 0, '', '2010-06-13 16:34:19'),
(254, 2, 1, 'Marek', 'Pokorný', 'pokorny.pisek@seznam.cz', 1976, 1, 'Písek, Jeronýmova 1553, 397 01', 'COMMATEL Písek', NULL, 20307, 0, '', '2010-06-14 08:09:19'),
(255, 2, 6, 'Zdeněk', 'Červinka', 'z.cervinka@gmail.com', 1986, 1, 'Kolín, Roháčova, 28002', '', NULL, 20308, 0, '', '2010-06-14 11:59:28'),
(256, 2, 7, 'Jiří', 'Hejna', 'hejna@bal.cz', 1962, 1, 'Blumendorf', 'Bike and Surf Team', NULL, 20309, 1, '', '2010-06-14 14:13:56'),
(257, 2, 6, 'Jan ', 'Hejna', 'honzuek@seznam.cz', 1984, 1, 'Praha 10', 'Bike and Surf Team', NULL, 20310, 1, '', '2010-06-14 14:16:14'),
(258, 2, 8, 'Jiří', 'Probst', 'evropa@centrum.cz', 1958, 1, 'Chodská 7, Praha 2, 120 00', 'BIKE AND SURF TEAM', NULL, 20311, 1, '', '2010-06-14 14:50:57'),
(259, 2, 8, 'Michael', 'Janský', 'uromed@uromed.cz', 1958, 1, 'Teplická 280, 19000 Praha 9', '', NULL, 20312, 0, '', '2010-06-14 17:22:28'),
(260, 2, 6, 'Petr ', 'Běžel', 'bezapetr@seznam.cz', 1991, 1, 'Jablonec nad Nisou, Erbenova 17, 466 02', 'DRACI JABLONEC', NULL, 20313, 0, '', '2010-06-14 18:51:10'),
(261, 2, 6, 'Martin', 'Dvořák', 'mai.dvorak@seznam.cz', 1987, 1, 'Polepy 47, Masarykova, 28002', '', NULL, 20314, 1, '', '2010-06-14 20:04:19'),
(262, 2, 6, 'jiři', 'kolaček', 'KOLACEKJIRKA@SEZNAM.CZ', 1982, 1, 'praha 5 za opusem 1228 156001', '', NULL, 20315, 0, '', '2010-06-14 22:26:14'),
(263, 2, 6, 'jiři', 'kolaček', 'KOLACEKJIRKA@SEZNAM.CZ', 1974, 1, 'praha 5 za opusem 1228 15600', '', NULL, 20316, 1, '', '2010-06-14 22:28:56'),
(264, 2, 6, 'Martin', 'Čepa', 'martincepa@seznam.cz', 1972, 1, 'Mohelnice,Vodní 17,78985', 'Bikesport team Mohelnice', NULL, 20317, 0, '', '2010-06-15 21:46:17'),
(265, 2, 6, 'Tomáš', 'Drábek', 'tomas.drabek@unicreditgroup.cz', 1978, 1, 'Praha 5, Břežánecká 758/2, 158 00', 'UniCredit Bike Team', NULL, 20318, 1, '', '2010-06-16 08:50:06'),
(266, 2, 8, 'Jan', 'Soukup', 'jan.soukup@rott.cz', 1954, 1, 'Praha 10, Nad Třebešínem III/1', '', NULL, 20319, 1, '', '2010-06-16 10:31:33'),
(267, 2, 9, 'Jana', 'Řeháková', 'janareha@seznam.cz', 1982, 2, 'Morseova 247, Praha 10, 10900', 'Alltraining', NULL, 20320, 0, '', '2010-06-16 20:41:31'),
(268, 2, 7, 'Martin', 'Heřman', 'm.herman@seznam.cz', 1964, 1, 'Praha 4, Branická 36, 147 00', 'Bikeranch Praha', NULL, 20321, 0, '', '2010-06-17 21:30:55'),
(269, 2, 6, 'Jan', 'Prokop', 'hoopr@seznam.cz', 1973, 1, 'Praha 9, Litvínovská 519, 19000', '', NULL, 20322, 0, '', '2010-06-17 21:34:12'),
(270, 2, 10, 'Kája', 'Polívková', 'kajapolivkova@email.cz', 1964, 2, 'Praha 10, Přěštická 1069. 102 00', 'TREK - SALOMON', NULL, 20323, 0, '', '2010-06-17 21:37:04'),
(271, 2, 6, 'Josef', 'Grešla', 'lida.greslova@tiscali.cz', 1982, 1, 'Zahradní 226,Sázava 28506', '', NULL, 20324, 0, '', '2010-06-18 09:03:58'),
(272, 2, 6, 'Petr', 'Bartoň', 'barton.petula@gmail.com', 1981, 1, 'Praha 8, Zlončická 15/611, 18100', '', NULL, 20325, 0, '', '2010-06-18 14:10:38'),
(273, 2, 1, 'Václav', 'Svoboda', 'hybernia@seznam.cz', 1972, 1, 'Na Brázdě 6, Praha 4', 'HCK', NULL, 20326, 0, 'poz', '2010-06-18 14:56:15'),
(310, 3, 21, 'Tomáš', 'Valta', 'tomas.valta@unicreditgroup.cz', 1975, 1, 'Šimonovice, Minkovická 95, 463 12', 'UniCredit Bike Team', NULL, 30036, 0, '', '2011-03-28 15:45:07'),
(309, 3, 21, 'Radim', 'Aust', 'radim.aust@unicreditbank.cz', 1974, 1, 'Lindleyova 2724/11', 'UniCredit Bike Team', NULL, 30035, 1, '', '2011-03-28 14:48:52'),
(308, 3, 21, 'Lukáš', 'Nestarec', 'lukas.nestarec@gmail.com', 1984, 1, 'Na Vrážku 753, Řevnice 25230', 'Pashtika Bike Team', NULL, 30034, 1, '', '2011-03-23 16:07:42'),
(307, 3, 22, 'Jan', 'Čech', 'treko@cmail.cz', 1965, 1, 'Lužická 12, Praha 2', 'Pashtika bike team', NULL, 30033, 1, 'XL', '2011-03-23 13:20:56'),
(306, 3, 15, 'Tomáš', 'Beránek', 'tomas@studio071.cz', 1970, 1, 'Ústí nad Labe, Chuderovec 9, 40002', 'CYKLO CITY', NULL, 30032, 1, '', '2011-03-20 15:17:21'),
(461, 3, 21, 'Jan', 'Hauf', 'haufik@seznam.cz', 1977, 1, 'Olštýnská 733/3, 181 00 Praha 8', 'STS Chvojkovice Brod', 'L', 30162, 1, '', '2011-06-01 23:53:42'),
(304, 3, 24, 'Markéta', 'Habásková', 'marca007@seznam.cz', 1981, 2, 'Amurská 7', 'Habi team', NULL, 30030, 1, 'M', '2011-03-18 13:07:41'),
(460, 3, 22, 'Aleš', 'Nevím', 'lojza.an@seznam.cz', 1970, 1, 'Praha 9, Řepová 554, 19600', '', 'XL', 30161, 1, '', '2011-06-01 21:41:31'),
(303, 3, 21, 'Tomáš', 'Blecha', 'admy@seznam.cz', 1978, 1, 'M.Kudeříkové 1603', '-', NULL, 30029, 1, '', '2011-03-18 08:09:04'),
(550, 3, 22, 'Petr', 'Havlíček', 'havlicek62@seznam.cz', 1962, 1, 'Rumburk, Hálkova 1230/8, 408 01', '', 'L', 30251, 1, '', '2011-06-08 19:47:40'),
(302, 3, 24, 'Adriana', 'Blechová', 'admy@seznam.cz', 1979, 2, 'M.Kudeříkové 1603', '-', NULL, 30028, 1, '', '2011-03-18 08:05:49'),
(311, 3, 24, 'Hana', 'Stejskalová', 'hana.stejskalova@unicreditgroup.cz', 1983, 2, 'Hlavní 2725/153, Praha 4, 140 00', 'UniCredit Bike Team', NULL, 30037, 0, '', '2011-03-28 16:09:42'),
(312, 3, 21, 'Tomáš', 'Drábek', 'tomas.drabek@unicreditgroup.cz', 1978, 1, 'Břežánecká 758/3', 'UniCredit Bike Team', NULL, 30038, 1, 'M', '2011-03-28 16:26:52'),
(313, 3, 24, 'Petra', 'Skrbková ', 'petra.skrbkova@unicreditgroup.cz', 1977, 2, 'Jitravská 561/6, Praha, 190 00', 'UniCredit Bike Team', NULL, 30039, 0, '', '2011-03-28 17:45:41'),
(314, 3, 21, 'David', 'Münzberg', 'david.munzberg@unicreditgroup.cz', 1982, 1, 'Praha, Nad Údolím 403/1, 14700', 'UniCredit Bike Team', NULL, 30040, 1, 'M', '2011-03-28 18:35:37'),
(315, 3, 14, 'Michal', 'Šebesta', 'scheba@seznam.cz', 1983, 1, 'Praha 15, Milánská 419, 10900', 'Metro A', NULL, 30041, 1, 'XL', '2011-03-30 10:31:09'),
(316, 3, 21, 'Roman', 'Kukula', 'rkukula@seznam.cz', 1980, 1, 'Praha 11, Hlavatého 620, 149 00', 'UniCredit Bike Team', NULL, 30042, 1, 'L', '2011-03-30 12:27:01'),
(317, 3, 21, 'Petr', 'Janeček', 'kemo@seznam.cz', 1979, 1, 'Praha 5, Grussova 829/8, 15200', 'Hejvy\\''s Intimmate Team', NULL, 30043, 1, '', '2011-03-31 08:28:50'),
(393, 3, 21, 'Tomáš', 'Valta', 'tomas.valta@unicreditgroup.cz', 1975, 1, 'Šimonovice, Minkovická 95, 462 13', 'UniCredit Bike Team', 'L', 30096, 1, '', '2011-05-23 15:03:02'),
(319, 3, 21, 'jiři', 'kolaček', 'KOLACEKJIRKA@SEZNAM.CZ', 1974, 1, 'praha 5 za opusem 1228 15600', '', NULL, 30045, 1, 'XL', '2011-03-31 10:48:04'),
(320, 3, 24, 'Tereza', 'Matoušková', 'MatouskovaTereza@email.cz', 1985, 2, 'Slévačská 905,Praha 9', '', NULL, 30046, 1, 'M', '2011-04-04 21:44:14'),
(321, 3, 14, 'Jan', 'Juska', 'honzajuska@seznam.cz', 1982, 1, 'Kaštanova 722,Milovice 289 23', '', NULL, 30047, 1, 'L', '2011-04-04 22:08:11'),
(322, 3, 21, 'Pavel', 'Nejedlo', 'pajaxx@seznam.cz', 1983, 1, 'Týnec nad Sázavou, K.H. Máchy 102, 25741', 'Red Solution', NULL, 30048, 1, 'L', '2011-04-06 08:17:33'),
(323, 3, 14, 'Vítězslav', 'Olšovský', 'ozotroniq@email.cz', 1983, 1, 'Děčínská 466/7 (p.Ešner), Praha 9 - Střížkov 19000', 'METRO A', 'M', 30049, 1, '', '2011-04-06 12:05:31'),
(338, 3, 15, 'Tomáš', 'Kučera', 'tomas.kucera@sazava.eu', 1964, 1, 'Sázava, Verisova, 28506', 'Mont Blanc MTB team', NULL, 30053, 1, 'L', '2011-04-14 19:23:33'),
(328, 1, 13, 'luboš''s', 'Apostrof', 'lubos.melichar@gmail.com', 1982, 1, '', '', NULL, 10028, 0, '', '2011-04-07 12:26:10'),
(329, 3, 14, 'Miroslav', 'Malý', 'mirobiker@seznam.cz', 1980, 1, 'kvaň 27', '', NULL, 30050, 0, '', '2011-04-10 01:43:44'),
(330, 3, 14, 'Radek', 'Vichta', 'vichtar@seznam.cz', 1984, 1, 'Čerčany,václavská 237,25722', 'Česyk', NULL, 30051, 1, '', '2011-04-12 13:56:47'),
(331, 3, 24, 'Běla', 'Steinbachová', 'b.steinbachova@seznam.cz', 1985, 2, 'Sázava, Lípová 328, 285 06', 'Planet Toys Cycling', NULL, 30052, 1, '', '2011-04-13 15:30:44'),
(332, 1, 13, 'Luboš', 'Melichar', 'lubos.melichar@gmail.com', 1982, 1, '', '', NULL, 10029, 0, '', '2011-04-14 09:04:26'),
(333, 1, 29, 'Pavla', 'Melicharová', 'lubos.melichar@gmail.com', 1982, 2, '', '', NULL, 10030, 0, '', '2011-04-14 09:09:27'),
(334, 1, 29, 'Petra', 'Čajánková', 'lubos.melichar@gmail.com', 1990, 2, '', '', NULL, 10031, 1, '', '2011-04-14 09:10:16'),
(335, 1, 30, 'Václava', 'Klausová', 'lubos.melichar@gmail.com', 1991, 2, '', '', NULL, 10032, 0, '', '2011-04-14 09:13:55'),
(336, 1, 13, 'Jan', 'Kraus', 'lubos.melichar@gmail.com', 1982, 1, '', '', NULL, 10033, 1, '', '2011-04-14 09:15:21'),
(337, 1, 28, 'Tomáš', 'Procházka', 'lubos.melichar@gmail.com', 1998, 1, '', '', NULL, 10034, 0, '', '2011-04-14 09:17:03'),
(339, 3, 14, 'Michal', 'Veselý', 'pateo@seznam.cz', 1980, 1, 'čtyřkoly 25722', 'ČESYK', NULL, 30054, 1, 'M', '2011-04-17 20:31:02'),
(340, 3, 19, 'Hana', 'Vrbovcová', 'h.vrbovcova@centrum.cz', 1980, 2, 'Na Jezerce,Praha 4', 'ČESYK', NULL, 30055, 1, 'S', '2011-04-17 20:33:50'),
(341, 3, 15, 'Boris', 'Bittner', 'bittner.boris@seznam.cz', 1964, 1, 'Přistoupim 106, 282 01 Český Brod', '', NULL, 30056, 1, '', '2011-04-18 19:58:19'),
(342, 3, 21, 'Karel', 'Pechan', 'karelmamut@seznam.cz', 1977, 1, 'Vítězné naměstí 13,Praha 6 Bubeneč', '', NULL, 30057, 0, '', '2011-04-20 13:58:25'),
(343, 3, 21, 'Láďa', 'Vodvárka', 'ladislavvodvarka@seznam.cz', 1982, 1, 'Otryby 50', '', NULL, 30058, 1, 'XL', '2011-04-21 20:20:46'),
(344, 3, 21, 'Tomáš', 'Braun', 'tomik.braun@gmail.com', 1989, 1, 'Za Humny 358, 46312', 'Sportovní klub  Inpos', NULL, 30059, 1, '', '2011-04-23 20:19:10'),
(602, 5, 53, 'Ondřej', 'Muzikář', 'muzikant96@seznam.cz', 1996, 1, 'Author Team Stupno', '', '', 50007, 0, '', '2011-06-25 11:14:04'),
(346, 3, 14, 'Petr', 'Kos', 'spekoun7@seznam.cz', 1987, 1, 'Svatopluka Čecha 677, Jaroměř PSČ:55101', 'Boatpark team', NULL, 30060, 1, '', '2011-04-27 12:09:36'),
(347, 3, 15, 'Robert', 'Sušánka', 'robert@boatpark.cz', 1966, 1, 'Pod Čihadlem 15, Praha4 PSČ:14300', 'Boatpark team', NULL, 30061, 1, 'XL', '2011-04-27 12:15:27'),
(348, 3, 14, 'Petr', 'Panuščík', 'petr.panuscik@seznam.cz', 1981, 1, 'Jiráskova 233, Čelákovice PSČ:25088', '', NULL, 30062, 0, '', '2011-04-27 12:20:50'),
(349, 3, 22, 'Ivan', 'Hanzel', 'ivan.hanzel@seznam.cz', 1971, 1, 'Sázava,sídliště 9 května 371 ,28506', '', NULL, 30063, 1, 'XL', '2011-04-27 18:10:36'),
(351, 3, 21, 'Karel', 'Záruba', 'zk@seznam.cz', 1973, 1, 'Kozojedy, E. Horáka 144', '', NULL, 30064, 0, '', '2011-04-28 12:57:16'),
(352, 3, 14, 'Štěpán', 'Pěkný', 'pekny.s@seznam.cz', 1984, 1, 'Kolín, Veltrubská 304, 28002', '', NULL, 30065, 1, 'L', '2011-04-30 22:43:52'),
(353, 3, 19, 'Jitka', 'Elichová', 'steel74@volny.cz', 1974, 2, 'Praha 4,  Pšenčíkova 675/22, 14200', '', NULL, 30066, 1, 'M', '2011-05-02 15:16:41'),
(361, 3, 21, 'Jan', 'Prchal', 'smallmagus@email.cz', 1979, 1, 'Praha 5, Na bělidle 13, 150 00', '', NULL, 30068, 1, 'M', '2011-05-03 11:43:38'),
(601, 4, 36, 'Vladislav', 'Razým', 'vladislav.razym@volny.cz', 1957, 1, 'Sport Club Plzeň', '', '', 40016, 1, '', '2011-06-21 13:30:34'),
(600, 5, 49, 'Martin', 'Pešťák', 'kamil@moab.cz', 2000, 1, 'Author team Stupno', '604953882', '', 50006, 0, '', '2011-06-20 21:31:07'),
(360, 3, 21, 'Viktor', 'Krýda', 'viktor.kryda@seznam.cz', 1982, 1, 'Litošická 9', 'Bike Ranch', NULL, 30067, 0, '', '2011-05-02 17:32:07'),
(363, 3, 21, 'Jakub', 'Prchal', 'smallmagus@email.cz', 1981, 1, 'Praha 5, Na bělidle 13, 150 00', '', NULL, 30069, 1, 'M', '2011-05-04 10:43:24'),
(365, 3, 21, 'Pavel', 'Vilímek', 'blood.mail@seznam.cz', 1982, 1, 'K.H.Máchy 232', 'RED SOLUTION', 'S', 30071, 1, '', '2011-05-05 22:04:52'),
(366, 3, 21, 'karel', 'pechan', 'karelmamut@seznam.cz', 1977, 1, 'Vítězné náměstí 13,Praha 6 Bubeneč', '', 'XL', 30072, 0, '', '2011-05-06 15:15:07'),
(367, 3, 21, 'Radek ', 'Sedláček ', 'radek.sedlacek@kasa.cz', 1975, 1, 'Praha 8, Jelínkova 1614, 182 00', '', 'L', 30073, 1, '', '2011-05-09 14:42:18'),
(368, 3, 21, 'Daniel', 'Vlach', 'danielvlach@seznam.cz', 1987, 1, 'Mratínská 314/4 Praha 9 Prosek 19000', 'PEKSPORT', 'XL', 30074, 1, '', '2011-05-11 21:43:25');
INSERT INTO `users` (`id`, `competition_id`, `kategory_id`, `first_name`, `last_name`, `email`, `birthday`, `sex`, `user_field_1`, `user_field_2`, `user_field_3`, `symbol`, `paid`, `description`, `created_at`) VALUES
(369, 3, 14, 'Jan ', 'Kalaš', 'ka-las@volny.cz', 1980, 1, 'Novovysočanská 28 Praha 9 19000', 'Planet Toys Cycling', 'M', 30075, 1, '', '2011-05-12 20:47:12'),
(370, 3, 15, 'Bronislav', 'Hedbávný', 'aldrin@volny.cz', 1971, 1, 'Radotín č. 5, 75354 Soběchleby', 'Metro A', 'M', 30076, 1, '', '2011-05-13 18:29:43'),
(371, 3, 21, 'Petr ', 'Novotný ', 'radek.sedlacek@kasa.cz', 1975, 1, 'Modřišice 51 51101', 'Podhájský třesk ', 'M', 30077, 1, '', '2011-05-14 16:28:05'),
(372, 3, 21, 'Dostál ', 'Tomáš ', 'radek.sedlacek@kasa.cz', 1976, 1, 'Loukovec 30, 29411', '', 'XL', 30078, 1, '', '2011-05-14 16:36:50'),
(373, 4, 41, 'Zuzanek', 'Paul', 'Paul_Zuzanek@web.de', 1956, 1, 'kein', '', '', 40009, 1, '', '2011-05-16 07:53:55'),
(374, 3, 15, 'jiri', 'oudran', 'jirivaio7@seznam.cz', 1970, 1, 'Praha 10, vajdova 9,10200 ', '', '', 30079, 1, 'M', '2011-05-17 01:22:37'),
(375, 3, 21, 'Jan', 'Havlíček', 'havlicek.honza@quick.cz', 1976, 1, 'Praha 4, Plickova 15, 14900', 'Havlajs Team', 'L', 30080, 1, '', '2011-05-17 10:59:45'),
(376, 3, 21, 'Jan', 'Spevák', 'donzaag@seznam.cz', 1980, 1, 'Čerčany, K Vodárně 454, 257 22', 'ČESYK', 'XL', 30081, 1, '', '2011-05-17 11:08:11'),
(377, 3, 23, 'Tomáš', 'Kolenatý', 'tomaskolenaty@gmail.com', 1955, 1, 'Sázava, Dělnická 107, 28506', '-', 'XL', 30082, 1, '', '2011-05-17 13:25:34'),
(378, 3, 26, 'Jan', 'Mařík', 'jkmarik@seznam.cz', 1993, 1, 'Poříčí nad Sázavou, Ke Kříži 273, 25721', 'Česyk', 'M', 30083, 1, '', '2011-05-17 17:57:38'),
(379, 3, 14, 'Tomáš', 'Mařík', 'tkmarik@seznam.cz', 1988, 1, 'Poříčí nad Sázavou, Ke Kříži 273, 25721', 'Česyk', 'M', 30084, 1, '', '2011-05-17 18:06:49'),
(380, 4, 40, 'jiří', 'kronawetter', 'krony67@centrum.cz', 1967, 1, 'zdice', '', '', 40010, 0, '', '2011-05-17 23:01:32'),
(381, 3, 22, 'Ondřej', 'Bandík', 'bandikzamecnictvi@seznam.cz', 1971, 1, 'Divišov Vrcha 414 25726', 'Divišov', 'L', 30085, 1, '', '2011-05-18 22:00:57'),
(382, 1, 13, 'Miro', 'Panek', 'miro.panek@seznam.cz', 1982, 1, '', '', '', 10035, 0, '', '2011-05-18 22:50:49'),
(383, 3, 27, 'Martina', 'Zajícová', 'm.polipsy@seznam.cz', 1994, 2, 'Polipsy 44, Zruč nad Sázavou, 285 22', '', 'L', 30086, 1, '', '2011-05-19 11:04:09'),
(384, 3, 21, 'Jarda', 'Novotný', 'jardavandr@tiscali.cz', 1975, 1, 'Praha 6,Na Ořechovce 30,16200', '', 'L', 30087, 1, '', '2011-05-19 20:18:56'),
(385, 3, 22, 'Svatopluk', 'Votruba', 's.votruba@seznam.cz', 1969, 1, 'Janského 2444/1', 'Cykloserver', 'xl', 30088, 1, 'neplatí', '2011-05-19 21:47:29'),
(386, 3, 22, 'richard', 'hejduk', 'richard.hejduk@seznam.cz', 1966, 1, 'divisov na male strane 24', 'hejbum', 'xl', 30089, 1, '', '2011-05-19 21:59:27'),
(387, 3, 22, 'Petr', 'Jelínek', 'petazkolina@centrum.cz', 1968, 1, 'Kolín, Moravcova 852, 280 00', 'HN Technology', 'L', 30090, 1, '', '2011-05-20 18:37:53'),
(388, 3, 22, 'Jiří', 'Šafránek', 'blanka.safrankova@email.cz', 1964, 1, 'Pátek 138, 290 01 Poděbrady', '', 'L', 30091, 1, '', '2011-05-20 21:48:16'),
(389, 3, 23, 'Miloš', 'Tadra', 'milos.tadra@tiscali.cz', 1959, 1, 'Rokytnice nad Jizerou, Františkov 2, 51245', 'SK Zolboch', 'XXL', 30092, 1, '', '2011-05-21 23:25:08'),
(390, 3, 21, 'Jiří', 'Halama', 'jiri.halama@post.cz', 1983, 1, 'Čerčany, Půlpánova 3, 25722', 'Red Solution', 'M', 30093, 1, '', '2011-05-22 10:01:51'),
(391, 3, 21, 'Petr', 'Kavalír', 'petr@kavalir.cz', 1983, 1, 'V Oblouku 114, Čestlice 252 43', '', 'L', 30094, 1, '', '2011-05-22 20:02:39'),
(392, 3, 21, 'Jakub', 'Štangler', 'jakubstangler@seznam.cz', 1991, 1, 'Praha, Moravská 22, 12000', '', 'L', 30095, 1, '', '2011-05-22 20:03:51'),
(394, 3, 21, 'Roman', 'Vymětal', 'roman.vymetal@unicreditgroup.cz', 1979, 1, 'Besední 3, Praha 1', 'UniCredit Bike team', 'M', 30097, 1, '', '2011-05-23 15:15:15'),
(395, 3, 24, 'Veronika', 'Kociánová', 'jirka.pekos@seznam.cz', 1982, 2, 'Kutná Hora 585', 'ČD Malotice', 'L', 30098, 1, '', '2011-05-23 19:57:28'),
(396, 3, 22, 'Ludánek', 'Vít', 'jirka.pekos@seznam.cz', 1970, 1, 'nádraží Malotice 101', 'ČD Malotice', 'L', 30099, 1, '', '2011-05-23 20:03:10'),
(397, 3, 14, 'Ondřej', 'Pekárek', 'jirka.pekos@seznam.cz', 1984, 1, 'Pod Horizontem 203 Sázava', '', '', 30100, 1, '', '2011-05-23 20:10:23'),
(398, 3, 16, 'Jiří', 'Pekárek', 'jirka.pekos@seznam.cz', 1961, 1, 'Rataje nad Sázavou 59', 'RB forever', 'XL', 30101, 1, '', '2011-05-23 20:13:30'),
(399, 3, 14, 'Tomáš', 'Hladík', 'thladik@kordis-jmk.cz', 1982, 1, 'Brno, Herčíkova 13, 61200', 'IDS JMK', 'S', 30102, 1, '', '2011-05-24 02:08:27'),
(400, 3, 14, 'Lukas', 'Hysky', 'lukynatec.l@seznam.cz', 1980, 1, 'Na Bezdekove 2005 Benesov 25601', '', 'XL', 30103, 1, '', '2011-05-24 06:48:15'),
(401, 3, 21, 'Věslav', 'Nožka', 'veslav.nozka@seznam.cz', 1982, 1, 'Divišov, Horní nám. 3, 257 26', '', 'L', 30104, 0, '', '2011-05-24 09:12:53'),
(402, 3, 22, 'Věslav', 'Nožka', 'veslav.nozka@seznam.cz', 1971, 1, 'Divišov, Horní nám. 3, 257 26', '', 'L', 30105, 1, '', '2011-05-24 09:16:28'),
(403, 3, 22, 'Ladislav ', 'Mikeš', 'ladislav.mikes@mpss.cz', 1971, 1, 'Praha 10, Mirošovická 8, 100 00', 'Hypocentrum', 'XL', 30106, 1, '', '2011-05-24 10:40:24'),
(404, 3, 22, 'Roman', 'Koderle', 'romankod@seznam.cz', 1969, 1, 'Praha 6, V Kruhu 2, 160 00', 'Hypocentrum', 'XL', 30107, 1, '', '2011-05-24 10:44:22'),
(405, 3, 21, 'Tomáš', 'Zloský', 'skimen3238@seznam.cz', 1986, 1, 'Praha,Vršovická 4,10100', '', 'L', 30108, 1, '', '2011-05-24 11:22:22'),
(406, 3, 22, 'Radek', 'Čavoš', 'cava.r@seznam.cz', 1968, 1, 'Praha,Vršovická 4,10100', '', 'XL', 30109, 1, '', '2011-05-24 11:25:25'),
(407, 3, 14, 'Michal', 'Číla', 'Michalcila@seznam.cz', 1977, 1, 'Topolova 970,Milovice', '', 'M', 30110, 1, '', '2011-05-24 20:02:43'),
(408, 3, 25, 'Pavla ', 'Kašparová ', 'pavla.kasparova@unimills.cz', 1966, 2, 'Hůrka 1044, 278 01 Kralupy nad Vltavou ', '', 'S', 30111, 1, '', '2011-05-25 07:34:28'),
(409, 3, 22, 'Vlastislav ', 'Vacek', 'vlavac@centrum.cz', 1964, 1, 'Mládeže 15, 160 00 Praha 6', '', 'L', 30112, 1, '', '2011-05-25 07:36:47'),
(410, 3, 21, 'David', 'Šafránek', 'davesafranek@seznam.cz', 1985, 1, 'Chleby, Ke Hřišti 165, 289 31', '', 'L', 30113, 1, '', '2011-05-25 10:03:14'),
(411, 3, 21, 'Tomáš', 'Pirk', 'tpirk@osoud.pha3.justice.cz', 1973, 1, 'Konojedy - Klíče, č.p. 130', '', 'L', 30114, 1, '', '2011-05-25 10:20:58'),
(412, 3, 23, 'Vladimír', 'Votoček', 'tpirk@osoud.pha3.justice.cz', 1958, 1, 'Rokytno č.p. 80, Rokytnice nad Jizerou', '', '', 30115, 1, '', '2011-05-25 10:28:11'),
(413, 3, 22, 'Jiří', 'Kobr', 'tpirk@osoud.pha3.justice.cz', 1962, 1, 'Rokytno, Rokytnice nad Jizerou', '', '', 30116, 1, '', '2011-05-25 10:52:54'),
(414, 3, 23, 'Drahoslav', 'Kobr', 'tpirk@osoud.pha3.justice.cz', 1956, 1, 'Rokytno, Rokytnice nad Jizerou', '', 'L', 30117, 1, '', '2011-05-25 10:54:34'),
(418, 3, 14, 'Josef', 'Beneš', 'josefbenes@centrum.cz', 1982, 1, 'Úžice, Chrastná č. 14', '', 'M', 30121, 1, '', '2011-05-26 14:55:59'),
(416, 3, 14, 'Tomáš', 'Havel', 'havel.tomik@seznam.cz', 1980, 1, 'Praha 12 Modřany,Urbánkova 65,14300', '', 'XL', 30119, 1, '', '2011-05-25 13:51:20'),
(417, 3, 23, 'Ladislav', 'Kutiš', 'judr.kutis@tiscali.cz', 1944, 1, 'Trutnov, R. Frimla 850, 541 01', 'Sázava - Kopaniny', 'L', 30120, 1, '', '2011-05-25 14:05:15'),
(419, 3, 21, 'Karel', 'Ptáček', 'karlossantos@seznam.cz', 1991, 1, 'Praha 5, Urbanova 4, 15800', 'SKI KLUB ŘEVNICE', 'L', 30122, 1, '', '2011-05-26 21:57:51'),
(420, 3, 23, 'Jiří ', 'Ptáček', 'ptacek@ekorent.cz', 1961, 1, 'Praha 5, Urbanova 4, 15800 ', 'SKI KLUB ŘEVNICE', 'XL', 30123, 1, '', '2011-05-26 22:00:23'),
(421, 3, 21, 'Jan', 'Juklíček', 'jan.juklicek@gmail.com', 1980, 1, 'Veselí, 129, 53501', '', 'L', 30124, 1, '', '2011-05-27 14:14:52'),
(422, 3, 21, 'Kryštof', 'Černovský', 'cernovskykrystof@seznam.cz', 1992, 1, 'K lipám 292', 'Bella drinking team', 'L', 30125, 1, '', '2011-05-29 12:18:48'),
(423, 3, 26, 'Michal', 'Přibyl', 'pribyl.mi@seznam.cz', 1993, 1, 'Praha, Molákova 580, 18600', 'Bella drinking team', 'XL', 30126, 1, '', '2011-05-29 12:19:54'),
(424, 3, 22, 'Vladimir', 'Hetman', 'hetman@centrum.cz', 1967, 1, 'Sklářská 305 Sázava 28506', 'BIKE TEAM TPCA', 'XL', 30127, 0, '', '2011-05-29 17:30:31'),
(425, 3, 21, 'Miroslav', 'Pechr', 'mpechr@homecredit.cz', 1983, 1, 'Třebsko 78, 26242', 'Brdonoš Podlesí', 'L', 30128, 1, '', '2011-05-29 22:06:10'),
(426, 3, 21, 'Rostislav', 'Balík', 'rostiob@gmail.com', 1978, 1, '28. října 536', 'CK Mladá Vožice', 'L', 30129, 1, '', '2011-05-30 09:20:49'),
(427, 3, 21, 'Kříž', 'Petr', 'krojcz@seznam.cz', 1983, 1, 'Zliv, Dukelská 469, 373 44', 'Brdonoš Podlesí', 'L', 30130, 1, '', '2011-05-30 10:06:23'),
(428, 5, 63, 'Luboš', 'Melichar', 'lubos.melichar@gmail.com', 1982, 1, 'merida team', '605500289', '', 50000, 0, '', '2011-05-30 11:21:11'),
(429, 3, 22, 'Pavel ', 'Dubitzký', 'p.dubitzky@gsymposion.cz', 1964, 1, 'Krňany 60, 257 44 Netvořice', 'PCK Louda', 'L', 30131, 1, '', '2011-05-30 12:00:42'),
(430, 3, 21, 'Jiří', 'Holek', 'keloh@seznam.cz', 1988, 1, 'Lešany 37, 257 44 Netvořice', 'PCK Louda', 'L', 30132, 1, '', '2011-05-30 12:05:44'),
(431, 3, 21, 'Václav', 'Kožíšek', 'weca@centrum.cz', 1980, 1, 'Kolín, Nerudova 410, 28002', '', 'L', 30133, 1, '', '2011-05-30 12:06:17'),
(432, 3, 19, 'Lenka', 'Škvorová', 'lskvorova@seznam.cz', 1979, 2, 'Na Veselí 40, Praha 4', 'Cyklotrenink.com', 'S', 30134, 1, '', '2011-05-30 12:40:25'),
(433, 3, 14, 'David', 'Krkoška', 'david.krkoska@seznam.cz', 1978, 1, 'Na Veselí 40, Praha 4', 'Cyklotrenink.com', 'L', 30135, 1, '', '2011-05-30 12:42:14'),
(434, 3, 23, 'Jan', 'Pirk', 'tpirk@osoud.pha3.justice.cz', 1948, 1, 'V Domově 28, Praha 3, 130 00', '', 'M', 30136, 1, '', '2011-05-30 12:56:21'),
(435, 3, 22, 'Pavel', 'Švarc', 'pa.svarc@gmail.com', 1963, 1, 'Praha3,Černínova 3,13000', 'Velointest bikeclub', 'M', 30137, 1, '', '2011-05-30 13:05:56'),
(436, 3, 19, 'Marcela', 'Širmerová', 'marcelasirmerova@gmail.com', 1983, 2, 'Zichovec 58', 'Veget Team', 'm', 30138, 0, '', '2011-05-30 13:06:51'),
(437, 3, 19, 'Jiřina', 'Hrbková', 'JirinaHrbkova@seznam.cz', 1977, 2, 'Osadní 1474/2', 'Sokol Kbely', 's', 30139, 1, '', '2011-05-30 13:07:23'),
(438, 3, 22, 'Miroslav', 'Chára', 'miroslav.chara@seznam.cz', 1966, 1, 'Teplice,Pražská 2979,41501', '', 'M', 30140, 1, '', '2011-05-30 15:10:44'),
(439, 3, 21, 'Jindřich', 'Řikovský', 'jrikovsky@cpoj.cz', 1973, 1, 'Divišov, Na Vrších 381, 25726', 'Divišov', 'L', 30141, 1, '', '2011-05-30 15:29:01'),
(440, 5, 60, 'Linda', 'Pánková', 'miro.panek@seznam.cz', 1992, 2, 'AUTHOR TEAM STUPNO', '731504738', '', 50001, 0, '', '2011-05-30 15:33:01'),
(441, 3, 26, 'Daniel', 'Koutenský', 'dragon180@seznam.cz', 1995, 1, 'Zahradní 1766 Vlašim', '', 'L', 30142, 1, '', '2011-05-30 21:37:09'),
(442, 3, 21, 'David', 'Koutenský', 'jokerdave@seznam.cz', 1992, 1, 'Zahradní 1766 Vlašim', '', 'XL', 30143, 1, '', '2011-05-30 22:01:09'),
(443, 3, 14, 'Michal', 'Houška', 'houska@centrum.cz', 1978, 1, 'Píseckého 3, Praha 5, 150 00', '', 'L', 30144, 1, '', '2011-05-31 09:52:59'),
(444, 3, 21, 'Stanislav', 'Hoch', 'hodnysoused@gmail.com', 1978, 1, 'Praha, Starokošířská, 15000', '', 'L', 30145, 1, '', '2011-05-31 11:06:12'),
(445, 3, 14, 'Daniel', 'Chaloupka', 'chaloupka@inchema.cz', 1974, 1, 'Lysá nad Labem , Na Vysoké mezi 452, 28922', 'PCK', 'XL', 30146, 1, '', '2011-05-31 13:31:16'),
(446, 3, 14, 'Martin', 'Lederer', 'ledererm@seznam.cz', 1974, 1, 'Roztoky, Najdrova 2183, 25263', 'Bistromatic 42', 'M', 30147, 1, '', '2011-05-31 14:43:26'),
(447, 3, 21, 'Lukáš', 'Panoch', 'panochlukas@gmail.com', 1988, 1, 'Lovosice, Žižkova 914/18, 410 02', 'Cyklo City Lovosice', 'XL', 30148, 1, '', '2011-05-31 20:38:14'),
(448, 3, 19, 'Katarina', 'Ludvíková', 'ludida@seznam.cz', 1979, 2, 'Krymlov-77, Kostelec nad Černými Lesy', 'Peksport', 'S', 30149, 1, '', '2011-05-31 21:22:59'),
(449, 3, 14, 'Filip', 'Ludvik', 'filipludvik@seznam.cz', 1982, 1, 'Krymlov-77, Kostelec nad Černými Lesy', 'Peksport', 'M', 30150, 1, '', '2011-05-31 21:37:36'),
(450, 3, 19, 'Lucie', 'Červenková Šťastná', 'stastna@icpf.cas.cz', 1974, 2, 'Praha 6, Čistovická 17000, 163 000', '', 'S', 30151, 0, '', '2011-06-01 07:42:31'),
(451, 3, 15, 'Tomáš', 'Saňa', 'tsana@msz.pha.justice.cz', 1970, 1, 'Praha 9, Kučerova 769, 198 00', '', 'XL', 30152, 1, '', '2011-06-01 10:43:23'),
(452, 3, 16, 'Jaroslav', 'Vaňous', 'jaroslav.vanous@austromar.cz', 1956, 1, 'Kodaňska 536/27, 101 00 Praha 10', 'Lonely Bikers', 'm', 30153, 1, '', '2011-06-01 11:24:24'),
(453, 3, 15, 'Jiří', 'Radil', 'Radil1@seznam.cz', 1968, 1, 'Bobkova 701/43 Prraha 9 19800', '', 'M', 30154, 1, '', '2011-06-01 12:57:24'),
(454, 3, 16, 'Zdeněk', 'Radil', 'jakub.randal@seznam.cz', 1945, 1, 'Jablonecká 711 Praha 9 19000', '', 'M', 30155, 1, '', '2011-06-01 13:03:51'),
(455, 3, 22, 'Josef', 'Richtera', 'j.richtera@seznam.cz', 1971, 1, 'Brandýs nad Labem,Jasanová 1493,250 01', '', '', 30156, 1, '', '2011-06-01 14:52:29'),
(456, 3, 24, 'Klára', 'Svobodová', 'klarkaa@seznam.cz', 1983, 2, 'Dolní Rychnov, Černý Vrch 410, 356 04', 'FULMINANTE BIKE TEAM', 'M', 30157, 1, '', '2011-06-01 15:12:20'),
(457, 3, 21, 'Michal', 'Stříbrský', 'misak.stribro@seznam.cz', 1990, 1, 'Praha 5, Pražského 638/30, 152 00', 'FULMINANTE BIKE TEAM', 'L', 30158, 1, '', '2011-06-01 15:18:01'),
(458, 3, 25, 'Monika', 'Stříbrská', 'monika.stribrska@seznam.cz', 1965, 2, 'Praha 2, Vinohradská 396/18, 120 00', 'FULMINANTE BIKE TEAM', 'M', 30159, 1, '', '2011-06-01 15:20:34'),
(459, 3, 24, 'Pavlína', 'Petrásková', 'petraskova@lesoservis.cz', 1977, 2, 'Uhlířské Janovice, Boženy Němcové 693', 'FULMINANTE BIKE TEAM', 'L', 30160, 1, '', '2011-06-01 15:26:52'),
(462, 3, 25, 'Marie', 'Jíšová', 'Ma.Jisova@seznam.cz', 1969, 2, 'Roháčova 261, Kolín 3', 'Kominíci Kolín', 'L', 30163, 1, '', '2011-06-02 06:48:03'),
(463, 3, 15, 'Václav', 'Jíša', 'vaclavbikezhas@seznam.cz', 1966, 1, 'Roháčova 261, Kolín 3', 'KOMINÍCI KOLÍN', 'XL', 30164, 1, '', '2011-06-02 06:54:30'),
(464, 3, 15, 'Karel', 'Vejdovský', 'k.vejdovsky@volny.cz', 1969, 1, 'Štítarská 239, Kolín 2', 'KOMINÍCI KOLÍN', 'L', 30165, 1, '', '2011-06-02 07:11:06'),
(465, 3, 14, 'Ondřej', 'Váňa', 'ondrej.vana@seznam.cz', 1976, 1, 'Chocerady, Chocerady 125, 257 24', 'Peksport', 'L', 30166, 1, '', '2011-06-02 11:21:28'),
(466, 3, 21, 'Petr', 'Bútora', 'pbutora@seznam.cz', 1972, 1, 'Králův Dvůr, Na Dlouhých 454, 26701', '', 'XL', 30167, 1, '', '2011-06-02 12:04:14'),
(467, 3, 21, 'Lukáš ', 'Matys', 'matys@veidec.cz', 1974, 1, 'Pardubice, hradecká 537, 53009', 'Veidec', 'XL', 30168, 1, '', '2011-06-02 14:38:20'),
(468, 3, 24, 'Romana ', 'Šišková', 'Romana.Siskova@seznam.cz', 1977, 2, 'Ústí nad Labem,Střekovské nábřeží 787/20,40003', 'Veidec', 'M', 30169, 1, '', '2011-06-02 14:44:25'),
(469, 3, 26, 'Jan', 'Dostál', 'i.jaroslav.dostal@seznam.cz', 1995, 1, 'Lovosice Krátká 18 410 02', 'Cyklo City Lovosice', 'M', 30170, 1, '', '2011-06-02 15:24:50'),
(470, 3, 21, 'Jan', 'Dítě', 'jan.dite@volny.cz', 1976, 1, 'Ctiradova 2, 14000 Praha 4', 'PEKSPORT', 'L', 30171, 1, '', '2011-06-02 16:24:18'),
(471, 3, 16, 'Miroslav', 'Pek', 'pek@peksport.cz', 1958, 1, 'Vršovická 466/62. Praha 10', 'PEKSPORT SPECIALIZED', 'L', 30172, 0, '', '2011-06-02 17:12:16'),
(472, 3, 25, 'Jana', 'Žáčková', 'j.zaky@volny.cz', 1967, 2, 'Slatina 35, p.Olovnice, 273 26', 'Bike service Klecany MTB', 'L', 30173, 1, '', '2011-06-02 17:47:05'),
(473, 3, 14, 'Jan', 'Šusta', 'jenik.susta@seznam.cz', 1985, 1, 'Praha, Sekaninova 454/6, 12800', '', 'L', 30174, 1, '', '2011-06-02 20:30:34'),
(474, 3, 23, 'Karel', 'Popel', 'karlospop@seznam.cz', 1960, 1, 'Chrášťany 84,25219', '', 'L', 30175, 1, '', '2011-06-02 22:04:15'),
(475, 3, 15, 'Petr', 'Krakora', 'krakora@krabis.cz', 1971, 1, 'Praha 4, Na Bitevní pláni 40 140 00', '', 'xl', 30176, 1, '', '2011-06-03 09:01:02'),
(476, 3, 15, 'Ivo', 'Moravec', 'i.moravec@espressobar.cz', 1963, 1, 'Kutná hora, K Nádraží 2 284 03', '', 'xl', 30177, 1, '', '2011-06-03 09:03:44'),
(477, 3, 21, 'Richard', 'Čančík', 'okastasro3@seznam.cz', 1974, 1, 'Divišov, Na Sídlišti 128, 257 26', 'Divišov', 'L', 30178, 1, '', '2011-06-03 10:33:36'),
(478, 3, 21, 'Jiří', 'Janda', 'jirijand@gmail.com', 1973, 1, 'Merhoutova 1401/2, Praha 4 - Kunratice, 148 00', 'Vinohradské Šlapky', 'M', 30179, 1, '', '2011-06-03 10:55:35'),
(479, 3, 24, 'Ivana', 'Jurkaninová', 'jirijand@gmail.com', 1978, 2, 'Na vodě 888, Hovorčovice, 250 64', 'Hovorčovice', 'S', 30180, 1, '', '2011-06-03 10:57:14'),
(480, 3, 22, 'Zděnek', 'Stach', 'zstach@centrum.cz', 1962, 1, 'Uhlířské Janovice ,Kollárova , 431', 'Bekros Brno', 'XL', 30181, 1, '', '2011-06-03 13:02:20'),
(481, 3, 23, 'Jiří ', 'Stach', 'zstach@centrum.cz', 1957, 1, 'Uhlířské Janovice ,Kollárova , 431', 'Bekros Brno', 'XL', 30182, 1, '', '2011-06-03 13:06:11'),
(482, 3, 21, 'Petr', 'Bulíř', 'p-bulda@seznam.cz', 1976, 1, 'Přepeře 122, 51261 Přepeře', '', 'm', 30183, 1, '', '2011-06-03 14:18:27'),
(483, 3, 24, 'Barbora', 'Nedbalová', 'p-bulda@seznam.cz', 1984, 2, 'Turnov, Loučky 20, 51101 ', '', 'm', 30184, 1, '', '2011-06-03 14:42:06'),
(484, 3, 21, 'Vít', 'Drahota', 'vitdrahota@seznam.cz', 1987, 1, 'Sázava, Choratice 9, 28506', 'TJ Orel Sázava', 'L', 30185, 1, '', '2011-06-03 17:22:59'),
(485, 3, 21, 'Pavel', 'Khol', 'pavel.khol@seznam.cz', 1976, 1, 'Mrač 126, 25721', '', 'L', 30186, 1, '', '2011-06-03 17:24:39'),
(486, 3, 21, 'Petr', 'Majer', 'pet.majer@seznam.cz', 1972, 1, 'Mrač 208, 25721', '', 'XL', 30187, 1, '', '2011-06-03 17:30:29'),
(487, 3, 15, 'Bohdan', 'Novotný', 'BohdanN@seznam.cz', 1969, 1, 'Sebuzín 56', 'Bikesport UL', 'XL', 30188, 1, '', '2011-06-03 19:41:13'),
(488, 3, 21, 'Lukáš', 'Houdek', 'houdek.ktm@seznam.cz', 1985, 1, 'Oleška 142, 28162', 'USO team', 'M', 30189, 1, '', '2011-06-04 21:02:24'),
(489, 3, 24, 'Veronika', 'Šteflíčková', 'vsteflickova@seznam.cz', 1985, 2, 'K Rakovce 442, Sázava 28506', '', 'S', 30190, 1, '', '2011-06-04 21:05:06'),
(490, 3, 14, 'Petr', 'Holomeček', 'petr.holomecek@bistromatic42.cz', 1973, 1, 'Praha, Jeremenkova 3, 14700', 'Bistromatic 42', 'L', 30191, 1, '', '2011-06-04 21:28:01'),
(491, 3, 21, 'Martin', 'Minařík', 'm.minarik66@seznam.cz', 1973, 1, 'Třebsko 73, Rožmitál pod Třemšínem, 26242', 'SDH Třebsko', 'L', 30192, 1, '', '2011-06-04 21:50:13'),
(492, 3, 21, 'Zdeněk', 'Kudláček', 'Zdenouch@centrum.cz', 1979, 1, 'Křinec, Tyršova 295, 28933', '', 'L', 30193, 1, '', '2011-06-04 22:57:36'),
(493, 3, 15, 'Richard', 'ZDENĚK', 'RICHARD124@SEZNAM.CZ', 1966, 1, 'PRAHA9 KATUSICKÁ695 19700', 'SOKOL KBELY', 'L', 30194, 1, '', '2011-06-05 11:19:25'),
(494, 3, 14, 'Jakub', 'Votoček', 'j.votocek@centrum.cz', 1972, 1, 'Stříbrná Skalice, Sázavská 395, 28167', 'Bistromatic 42', 'XL', 30195, 1, '', '2011-06-05 13:11:54'),
(495, 3, 22, 'Petr', 'Kostelecký', 'kostelecky.petr@seznam.cz', 1968, 1, 'Praha 4,Spolupráce 6,140 00', '', 'L', 30196, 1, '', '2011-06-05 13:41:35'),
(496, 3, 15, 'Karel', 'Jangl', 'k.jangl@seznam.cz', 1963, 1, 'Praha 6 Bělohorská 128  16900', '', 'L', 30197, 1, '', '2011-06-05 16:01:05'),
(497, 3, 21, 'Ivo', 'Peterka', 'ifo@centrum.cz', 1975, 1, 'Družstevní 3, Svitavy', '', 'L', 30198, 1, '', '2011-06-05 17:53:10'),
(498, 3, 23, 'Miloslav', 'Michálek', 'michsazava@seznam.cz', 1959, 1, 'Sázava,Jiráskova 314,28506', '', 'XL', 30199, 1, '', '2011-06-05 18:57:50'),
(499, 3, 21, 'Jan', 'Pudivítr', 'pudivitr@seznam.cz', 1979, 1, 'Sluneční náměstí 2588, Praha 5, 158 00', 'Tygr team', 'M', 30200, 1, '', '2011-06-05 19:45:38'),
(500, 3, 22, 'František', 'Petrásek', 'fanda.petrasek@seznam.cz', 1971, 1, 'Hasičská 843,Uhlířské Janovice', '', 'L', 30201, 1, '', '2011-06-05 20:19:49'),
(501, 3, 14, 'Miroslav', 'Zbuzek', 'm.zbuzek@seznam.cz', 1974, 1, 'Záluží 129, 267 61', 'CK Záluží', 'L', 30202, 1, '', '2011-06-05 21:03:22'),
(502, 3, 26, 'Martin ', 'Filip', 'Flopik9@seznam.cz', 1995, 1, 'Chrást nad Sázavou ,235 ,257 42', '', 'L', 30203, 1, '', '2011-06-05 21:19:24'),
(503, 3, 14, 'Marek', 'Lukeš', 'marek.lukes@hp.com', 1978, 1, 'Na Strži 1024/41', '', 'L', 30204, 1, '', '2011-06-05 21:29:31'),
(504, 3, 22, 'Pavel', 'Filip', 'pav.filip@seznam.cz', 1970, 1, 'Chrást nad Sázavou ,235 ,257 42', 'Nadšenci z Posázaví', 'L', 30205, 1, '', '2011-06-05 21:31:05'),
(505, 3, 15, 'Miroslav', 'Vlach', 'mirek.v@email.cz', 1969, 1, 'Osek 14, 26762 Komárov', 'CK Záluží', 'L', 30206, 1, '', '2011-06-06 07:12:03'),
(506, 3, 15, 'Petr', 'Krákora', 'krakora@rsf.cz', 1970, 1, 'Trutnov,Polská 229', 'Sázava - Kopaniny', 'XL', 30207, 1, '', '2011-06-06 08:27:59'),
(507, 3, 25, 'Tamara', 'Hynková', 'krakora@rsf.cz', 1970, 2, 'Trutnov,Polská 229', 'Sázava - Kopaniny', 'M', 30208, 1, '', '2011-06-06 08:29:46'),
(508, 3, 21, 'Radim', 'Štantejský', 'radim.stantejsky@tiscali.cz', 1976, 1, 'Zvole, Hlavní 155, 252 45', '', 'L', 30209, 1, '', '2011-06-06 09:33:08'),
(509, 3, 16, 'Miroslav', 'Svoboda', 'm.svoboda@vesta.cz', 1952, 1, 'Praha 9, Divišova 11, 197 00', 'Sokol Kbely', 'M', 30210, 1, '', '2011-06-06 13:54:38'),
(510, 3, 21, 'Jan', 'Obermann', 'obrik@volny.cz', 1976, 1, 'Pštrossova 9', 'Benátky', 'L', 30211, 1, '', '2011-06-06 14:02:52'),
(511, 3, 21, 'Jan', 'Mikeš', 'mikes@simonkolman.eu', 1977, 1, 'Na Zemské Stezce 1900', '', 'M', 30212, 1, '', '2011-06-06 15:44:54'),
(512, 3, 21, 'Jan', 'Kubálek', 'kubalekj@seznam.cz', 1989, 1, 'Sázava, Okružní 99, 28506', '', 'L', 30213, 1, '', '2011-06-06 16:18:33'),
(513, 3, 26, 'Lukáš', 'Pekárek', 'lpekarek@gmail.com', 1995, 1, 'Sázava, Jiráskova 31', '-', 'XL', 30214, 1, '', '2011-06-06 16:56:51'),
(514, 3, 21, 'Jan', 'Hoffelner', 'hofikus@hotmail.com', 1974, 1, 'Praha 10, Na Zájezdu 8, 10100 ', 'Six Monkeys', 'L', 30215, 1, '', '2011-06-06 19:10:45'),
(515, 3, 21, 'Lukáš', 'Král', 'kinglukas@seznam.cz', 1982, 1, 'Tábor 4,Potoční 32', '', 'XL', 30216, 1, '', '2011-06-06 19:22:09'),
(516, 3, 14, 'Václav', 'Candra', 'vaclav.candra@centrum.cz', 1976, 1, 'Na Žertvách 1221/16', 'Planet Toys Cycling', 'M', 30217, 1, '', '2011-06-06 20:53:29'),
(517, 3, 19, 'Hedvika', 'Candrová', 'hedvika@pasky.cz', 1975, 2, 'Na Žertvách 1221/16, Praha 8', 'Planet Toys Cycling', 'S', 30218, 1, '', '2011-06-06 20:57:39'),
(518, 3, 21, 'Marek', 'Relich', '1430@seznam.cz', 1974, 1, 'Vršovická 17, Praha 10, 110 00', 'Janotka bike', 'L', 30219, 1, '', '2011-06-06 21:41:05'),
(519, 3, 21, 'David', 'Boubal', 'davidboubal@seznam.cz', 1973, 1, 'V Brůdku 70, Praha', 'Mont Blanc MTB team', 'XL', 30220, 1, '', '2011-06-06 23:13:12'),
(520, 3, 21, 'Vladimír', 'Karas', 'vladimirkaras@gmail.com', 1979, 1, 'Praha 4,Krouzova 3015, 14300', 'Micky a spol.', 'L', 30221, 1, '', '2011-06-07 01:31:18'),
(521, 3, 22, 'Míra', 'Mestek', '29mira@seznam.cz', 1966, 1, 'k dolům 919, P-12, 14300', 'KOFOLA SENSOR Race Team', 'M', 30222, 1, '', '2011-06-07 06:49:01'),
(522, 3, 15, 'David', 'Křenek', 'david.dks@centrum.cz', 1971, 1, 'Praha 2, Londýnská 25, 120 00', '', 'XL', 30223, 1, '', '2011-06-07 07:34:20'),
(523, 3, 21, 'Jiří', 'Štancl', 'j.stancl@post.cz', 1974, 1, 'U Náměstí 712, Dolní Břežany, 252 41', '-', 'L', 30224, 1, '', '2011-06-07 09:48:06'),
(524, 3, 21, 'Zdeněk', 'Albl', 'zdenek.albl@t-mobile.cz', 1977, 1, 'Braniborská 568/B', 'T-Mobile MTB Team', 'XL', 30225, 1, '', '2011-06-07 10:06:04'),
(525, 3, 21, 'Radek', 'Homolka', 'Hogou@seznam.cz', 1985, 1, 'Kolin, U Borku 1006, 28002', '', 'XL', 30226, 1, '', '2011-06-07 10:06:26'),
(526, 3, 21, 'Adam', 'Švarc', 'adam.svarc@gmail.com', 1991, 1, 'Praha, Černínova, 13000', '', 'XL', 30227, 1, '', '2011-06-07 11:39:19'),
(527, 3, 21, 'Lukáš', 'Křivánek', '1Zaty@seznam.cz', 1987, 1, 'Kolin, Macharova 1071, 28002', '', 'XL', 30228, 1, '', '2011-06-07 12:33:16'),
(528, 3, 21, 'Petr', 'Harnoš', 'petrharnos@centrum.cz', 1986, 1, 'Veselí nad moravou', 'TPCA bike team', 'M', 30229, 1, '', '2011-06-07 12:52:30'),
(529, 3, 21, 'Jan', 'Moskal', 'janvochmelka@seznam.cz', 1989, 1, 'Kolin, Dukelských hrdinu 614, 28002', '', 'XL', 30230, 1, '', '2011-06-07 14:18:34'),
(530, 3, 21, 'David', 'Kortus', 'dave2877@seznam.cz', 1977, 1, 'Benešov, Jiřího Franka 1637, 256 01', '', 'M', 30231, 1, '', '2011-06-07 20:53:36'),
(531, 3, 26, 'Stanislav', 'Čermák', 'stana.cermak@seznam.cz', 1997, 1, 'Vlková čp.28, Zbizuby', '', 'L', 30232, 1, '', '2011-06-07 21:37:35'),
(532, 3, 21, 'Michal', 'Šupka', 'supkam@bnhelp.cz', 1972, 1, 'Benešov, Pražského povstání 2096, 25601', '', 'XL', 30233, 1, '', '2011-06-07 21:42:32'),
(533, 3, 24, 'Jana', 'Štěpánková', 'supkam@bnhelp.cz', 1973, 2, 'Neveklov, Přibyšice 13, 25756', '', 'S', 30234, 1, '', '2011-06-07 21:46:00'),
(534, 3, 21, 'Michal', 'Janda', 'mihal79@seznam.cz', 1979, 1, 'Zderadiny 20, 285 22 ', 'Sokol Kácov', 'XL', 30235, 1, '', '2011-06-07 22:18:07'),
(535, 3, 21, 'Radek', 'Novák', 'ranak@centrum.cz', 1978, 1, 'Ledečko, č.p. 129, 28506', '', 'L', 30236, 1, '', '2011-06-07 22:20:39'),
(536, 3, 21, 'Libor', 'Jež', 'jezlibor@seznam.cz', 1981, 1, 'Praha, Vršovická 1395/22, 10100', 'OSL Ekonom', 'M', 30237, 1, '', '2011-06-07 22:57:46'),
(537, 3, 21, 'František', 'Pajer', 'Frantisek.Pajer@skanska.cz', 1978, 1, 'Praha, Na polníku 2366', '', 'xl', 30238, 1, '', '2011-06-08 09:38:22'),
(538, 3, 21, 'Tomáš', 'Trojánek', 'info@bajkservis.cz', 1982, 1, 'Benešov,Pavlíkova 1528, 25601', '', 'XL', 30239, 1, '', '2011-06-08 09:46:27'),
(539, 3, 21, 'petr', 'pecka', 'peta.pecka@seznam.cz', 1984, 1, 'Xaverov 10, Sázava, 28506', '', 'L', 30240, 1, '', '2011-06-08 10:05:26'),
(540, 3, 26, 'František', 'Petrásek', 'fany.petrasek@seznam.cz', 1998, 1, 'Hasičská 843,Uhlířské Janovice', '', 'L', 30241, 1, '', '2011-06-08 11:34:25'),
(541, 3, 21, 'Libor', 'Tuček', 'libor.tucek@email.cz', 1992, 1, 'Bernardov 39,Kutná Hora 28401 ', 'TJ Agro Kolín', 'XL', 30242, 1, '', '2011-06-08 11:58:42'),
(542, 3, 22, 'Richard', 'Němeček', 'richard.nemecek@lubstar.cz', 1969, 1, 'V Úvalu 20, Praha 5', 'Tygr team', 'XL', 30243, 1, '', '2011-06-08 12:05:02'),
(543, 3, 21, 'Pavel', 'Rybář', 'rybanapavel@seznam.cz', 1982, 1, 'Poděbrady, Růžová 169, 29001', '', 'M', 30244, 1, '', '2011-06-08 13:14:13'),
(544, 3, 21, 'Radek ', 'Skořepa', 'r.skorepa@seznam.cz', 1972, 1, 'Poděbrady,Písková Lhota 81, 29001', '', 'M', 30245, 1, '', '2011-06-08 13:25:47'),
(545, 3, 14, 'Václav', 'Prošek', 'v.prosek@seznam.cz', 1982, 1, 'Svárov 76, Za humny, 27351 p. Unhošť', '', 'M', 30246, 1, '', '2011-06-08 15:23:54'),
(546, 3, 23, 'Quido', 'Lorenc', 'pivonka@hugoles.cz', 1955, 1, 'Ledečko 198', '', 'L', 30247, 1, '', '2011-06-08 15:55:34'),
(547, 3, 21, 'Martin', 'Pivoňka', 'pivonka@hugoles.cz', 1976, 1, 'Ledečko 33', '', 'L', 30248, 1, '', '2011-06-08 15:57:39'),
(548, 3, 14, 'František', 'Buchta', 'fandabuchta@seznam.cz', 1973, 1, 'Vlastějovice City, Vlastějovice 98,  28523 ', '', 'L', 30249, 1, '', '2011-06-08 16:07:51'),
(549, 3, 21, 'Vojtěch', 'Horálek', 'supkam@bnhelp.cz', 1990, 1, 'Benešov, Pražského povstání 1981, 25601', '', 'L', 30250, 1, '', '2011-06-08 17:36:28'),
(551, 3, 16, 'Milan', 'Panoch', 'panoch@quick.cz', 1959, 1, 'Topasová 910, 25168 Kamenice', 'Těptín', 'L', 30252, 1, '', '2011-06-08 20:15:34'),
(552, 3, 23, 'Jirka', 'Probst', 'evropa@centrum.cz', 1958, 1, 'Nové náměstí 11, Praha 10', 'Bike and surf Team', 'L', 30253, 1, '', '2011-06-09 09:44:12'),
(553, 3, 21, 'Jan', 'Hejna', 'evropa@centrum.cz', 1984, 1, 'Vinice 133, Praha 10', 'Bike and surf Team', 'L', 30254, 1, '', '2011-06-09 09:46:55'),
(554, 3, 22, 'Jan', 'Hudeček', 'jan.hudecek@vfsco.com', 1966, 1, 'Karlštejnská 520', '', 'L', 30255, 0, '', '2011-06-09 14:02:38'),
(555, 5, 63, 'lubos', 'melichar', 'lubos.melichar@gmail.com', 1982, 1, 'dd', '', '', 50002, 0, '', '2011-06-09 22:10:33'),
(556, 3, 22, 'petr', 'čálek', 'info@lyze-kola.cz', 1970, 1, 'uhlířské janovice,kolínská 253,28504', 'www.lyze-kola.cz', 'xl', 30256, 0, '', '2011-06-10 08:06:27'),
(559, 3, 21, 'Michal', 'Hrach', 'michal@sportsedge.cz', 1982, 1, 'Hlubočinka 923, 25168', '0', 'L', 30258, 1, '', '2011-06-11 22:38:39'),
(558, 3, 26, 'Luboš', 'Albrecht', 'lubos31@seznam.cz', 1995, 1, 'Kácov 315', 'MTB Team Kácov', 'M', 30257, 0, '', '2011-06-11 17:58:21'),
(560, 3, 14, 'Ondřej', 'Beran', 'ondrejberan@centrum.cz', 1989, 1, 'Sídliště 9. května 287', 'PLANET TOYS CYCLING', 'XL', 30259, 0, '', '2011-06-12 13:39:28'),
(561, 3, 14, 'Stanislav ', 'Hajek', 'stan.hajek.cz@gmail.com', 1982, 1, 'xxx', '', 'M', 30260, 1, '', '2011-06-12 16:56:11'),
(562, 3, 25, 'Kája', 'Polívková', 'kajapolivkova@email.cz', 1964, 2, 'Přeštická 1090, Praha 10, 102 00', 'TREK - Salomon', 'S', 30261, 0, '', '2011-06-12 18:40:10'),
(563, 3, 21, 'Michal ', 'Vlachovský', 'vlachovsky.michal@atlas.cz', 1987, 1, 'Mirošovice, V Březině 131, 251 66', 'Factor Bike Team', 's', 30262, 1, '', '2011-06-12 21:55:55'),
(564, 3, 15, 'Martin', 'Šesták', 'martsestak@seznam.cz', 1969, 1, 'Tlučná,Hlavní 249,330 26', '', 'M', 30263, 0, '', '2011-06-12 22:17:11'),
(565, 3, 21, 'Tomáš', 'Bartsch', 't.bartsch@seznam.cz', 1988, 1, 'Libeň 92, Dolní Břežany', 'Zahořanská klika ', 'M', 30264, 1, '', '2011-06-12 22:57:27'),
(566, 3, 21, 'Hagen', 'Jiří', 'apache6@seznam.cz', 1982, 1, 'Kolín,Hrnčířská,28002', 'TPCA bike team', 'L', 30265, 0, '', '2011-06-12 22:59:03'),
(567, 3, 22, 'MIchal', 'Karella', 'mkarella@volny.cz', 1969, 1, 'Vlašim,Nerudova 972,258 01', 'GALAXY CYKLOŠVEC', 'XL', 30266, 0, '', '2011-06-13 09:10:35'),
(568, 3, 22, 'Pavel', 'Kasza', 'kasza@seznam.cz', 1965, 1, 'Praha,Thámova 2, 18000', 'Pashtika Bike Team', 'M', 30267, 1, '', '2011-06-13 09:51:43'),
(569, 3, 21, 'Lukáš', 'Daněk', 'lukyduratec@seznam.cz', 1977, 1, 'Český Brod, Hradešín 128, 28201', 'PLANET TOYS CYCLING', 'L', 30268, 1, '', '2011-06-13 10:51:58'),
(570, 3, 25, 'Romana', 'Růžičková', 'rusapi@seznam.cz', 1964, 2, 'U Drahaně 143 Praha 8 181 00', '', 'M', 30269, 0, '', '2011-06-13 11:57:42'),
(571, 3, 23, 'Miroslav', 'Pazderka', 'mipa306@volny.cz', 1959, 1, 'Uhlířské janovice,Alšova 399, 28504', '', '', 30270, 0, '', '2011-06-13 16:00:10'),
(572, 3, 15, 'zdeněk', 'kohout', 'zdenek.kohout@tgcz.cz', 1965, 1, 'chomutov, karla čapka 2951/23; 43003', '', '', 30271, 0, '', '2011-06-13 16:30:04'),
(573, 3, 16, 'Vladimír', 'Kraus', 'jasip-sro@volny.cz', 1960, 1, 'Jablonec nad Nisou,Na Výsluní 9,466 01', 'JASIP bike', '', 30272, 0, '', '2011-06-13 20:20:01'),
(574, 3, 21, 'Filip ', 'Novák', 'xtr66@seznam.cz', 1992, 1, 'Týnec nad Sázavou Zbořený Kostelec 138', '', '', 30273, 0, '', '2011-06-13 21:07:54'),
(575, 3, 15, 'Jiří', 'Janovský', 'vorf.krystof@seznam.cz', 1968, 1, 'Světice Ke Školce 217 25101', '', '', 30274, 0, '', '2011-06-14 07:34:32'),
(576, 3, 21, 'Daniel', 'Bandas', 'Daniel.Bandas@seznam.cz', 1984, 1, 'Kolín, Na Magistrále 798, 28002', '', '', 30275, 0, '', '2011-06-14 08:44:01'),
(577, 3, 21, 'Libor ', 'Kubík', 'kousek.divi@seznam.cz', 1983, 1, 'Na Malé Straně 48, Divišov 257 26', '', '', 30276, 1, '', '2011-06-14 11:58:17'),
(578, 3, 21, 'Milan ', 'Baloun', 'balounm@email.cz', 1979, 1, 'Pražského Povstání 1798, Benešov', 'Florbal Benešov', '', 30277, 0, '', '2011-06-14 15:07:56'),
(579, 3, 21, 'Jakub', 'Vít', 'jakub.vit@volny.cz', 1990, 1, 'Achátová 13, Praha 5 - Radotín', 'Cykloservis Petr', '', 30278, 1, '', '2011-06-14 15:23:06'),
(580, 4, 41, 'Pavel', 'Bendl', 'pbendl@email.cz', 1961, 1, 'není', '', '', 40011, 1, '', '2011-06-14 19:24:19'),
(581, 4, 41, 'Zdeněk', 'Hubáček', 'pbendl@email.cz', 1957, 1, 'není', '', '', 40012, 1, '', '2011-06-14 19:29:11'),
(582, 3, 14, 'Leoš', 'JIRKA', 'info@masozposazavi.cz', 1972, 1, 'Sázava,Slunečná 308,28506', 'sponzor', '', 30279, 0, '', '2011-06-14 21:00:45'),
(583, 3, 16, 'Pavel', 'Bauer', 'bauerpavel@centrum.cz', 1960, 1, 'Karlovo nam. Trebic 67401', 'CS MIB HOBBY 1', '', 30280, 0, '', '2011-06-14 22:00:40'),
(584, 3, 14, 'Jiří', 'Nováček', 'novacek@epholding.cz', 1979, 1, 'Husinec-Řež, Červená skála 325, 25068', '', '', 30281, 1, '', '2011-06-14 23:22:19'),
(585, 3, 15, 'Jan', 'Ruzha', 'jan.ruzha@alutooling.cz', 1966, 1, 'Týnec nad Sázavou,Čakovická,257 41', 'Nadšenci z Posázaví', '', 30282, 1, '', '2011-06-15 06:14:27'),
(586, 3, 22, 'Martin', 'Firbas', 'truhlarstvi.firbas@cbox.cz', 1964, 1, ' Uhlířské Janovice  Husova 24     285 04', 'BC Uhlířské Janovice', '', 30283, 0, '', '2011-06-15 06:17:40'),
(587, 3, 21, 'Jiří', 'Pohůnek', 'jan.ruzha@alutooling.cz', 1974, 1, 'Týnec nad Sázavou,1.Máje,257 41', 'Nadšenci z Posázaví', '', 30284, 1, '', '2011-06-15 07:07:27'),
(588, 3, 21, 'Dušan', 'Čermák', 'jan.ruzha@alutooling.cz', 1979, 1, 'Týnec nad Sázavou,Husova,257 41', 'Nadšenci z Posázaví', '', 30285, 1, '', '2011-06-15 07:09:38'),
(589, 5, 53, 'Martin', 'Bláha', 'Marty.Chill@email.cz', 1995, 1, 'Author Team Stupno', '', '', 50004, 0, '', '2011-06-15 14:16:46'),
(590, 3, 21, 'Matyáš', 'Pokorný', 'pokornymatyas@gmail.com', 1988, 1, ' Benešov, Čechova 878, 25601', '', '', 30286, 0, '', '2011-06-15 17:39:19'),
(591, 3, 23, 'Miroslav ', 'Pokorný', 'mpokorny@seznam.cz', 1960, 1, 'Benešov, Čechova 878, 25601', '', '', 30287, 0, '', '2011-06-15 17:44:09'),
(592, 3, 21, 'Jan', 'Moudrý', 'info@vadamo.cz', 1982, 1, 'Italská 20, Praha 2, 120 00', 'VADAMO', '', 30288, 0, '', '2011-06-15 21:56:08'),
(593, 3, 14, 'Radek', 'Jonák', 'R.Jonak@seznam.cz', 1979, 1, 'Králův Dvůr, Nad Stadionem 343, 26701', 'Mont Blanc MTB team', '', 30289, 0, '', '2011-06-16 14:46:56'),
(594, 3, 14, 'Tomáš', 'Jančárek', 'tomas.jancarek@specialized.com', 1983, 1, 'Plaminkove 1557, Praha 4', '', '', 30290, 0, '', '2011-06-16 17:49:37'),
(595, 3, 24, 'Tereza', 'Bártová', 'tereza_bartova@centrum.cz', 1982, 2, 'Horolezecká 893, Praha 10', '', '', 30291, 0, ' ', '2011-06-16 17:50:40'),
(596, 5, 64, 'Petr', 'Stehlík', 'p.stehlik@biesse.cz', 1977, 1, 'BI ESSE', '603426789', '', 50005, 0, '', '2011-06-17 08:42:50'),
(597, 4, 45, 'Josef', 'Vůch', 'josef.vuch@seznam.cz', 1981, 1, 'PePe Team  H.B.', '', '', 40013, 0, '', '2011-06-19 15:53:46'),
(598, 4, 45, 'Petr', 'Hubka', 'hubkovi@volny.cz', 1973, 1, 'PePe Team H.B.', '', '', 40014, 0, '', '2011-06-19 17:07:44'),
(599, 4, 45, 'Jakub', 'Hubka', 'hubkovi@volny.cz', 1999, 1, 'PePe Team H.B.', '', '', 40015, 0, '', '2011-06-19 17:09:38'),
(603, 5, 47, 'Vojtěch', 'Bistrý', 'alice.bistra@atlas.cz', 2002, 1, 'Plzeň', '728773619', '', 50008, 0, '', '2011-06-27 13:18:43'),
(604, 5, 55, 'Václav', 'Bistrý', 'alice.bistra@atlas.cz', 2005, 1, 'Plzeň', '728773619', '', 50009, 0, '', '2011-06-27 13:20:08'),
(605, 4, 39, 'Lukáš', 'Karásek', 'lukoskarasek@seznam.cz', 1980, 1, 'Lucky Team', '', '', 40017, 1, '', '2011-06-29 21:13:02'),
(606, 4, 39, 'Petr', 'Koudele', 'petrkoudak@seznam.cz', 1978, 1, 'MERIDA Forever', '', '', 40018, 0, '', '2011-06-29 21:22:10'),
(607, 5, 53, 'jan', 'rajchart', 'janrajchart@seznam.cz', 1996, 1, 'author team stupno', '', '', 50010, 0, '', '2011-06-29 21:39:22'),
(608, 4, 39, 'Tomáš', 'Pechač', 'pechact@seznam.cz', 1974, 1, 'Sám', '', '', 40019, 1, '', '2011-07-06 06:20:54'),
(609, 5, 62, 'Jiří', 'Mandaus', 'jiri.mandaus@quick.cz', 1959, 1, 'ROTORBIKE Plzeň', '602102742', '', 50011, 0, '', '2011-07-06 23:32:55'),
(610, 5, 48, 'Tereza', 'Cibulková', 'eva.cibulkova@outdoorconcept.cz', 2002, 2, 'Author Team Stupno', '604641853', '', 50012, 0, '', '2011-07-07 07:44:57'),
(611, 5, 49, 'Radek', 'Cibulka', 'eva.cibulkova@outdoorconcept.cz', 2000, 1, 'Author Team Stupno', '604641853', '', 50013, 0, '', '2011-07-07 07:46:49'),
(612, 5, 57, 'Matyáš', 'Vondráček', 'vondma03@seznam.cz', 2004, 1, 'Ramala', '607 806 312', '', 50014, 0, '', '2011-07-07 20:59:08'),
(613, 5, 49, 'Jaroslav', 'Vondráček', 'vondma03@seznam.cz', 2000, 1, 'Ramala', '607 806 312', '', 50015, 0, '', '2011-07-07 21:00:33'),
(614, 5, 58, 'Adéla', 'Špičková', 'bikestoremtb@seznam.cz', 2003, 2, 'BIKESTORE.CZ MTB TEAM', '', '', 50016, 0, '', '2011-07-10 20:43:19'),
(615, 5, 56, 'Tereza', 'Burlová', 'x.rabu@seznam.cz', 2006, 2, 'RB mtb team', '', '', 50017, 0, '', '2011-07-11 13:26:37'),
(616, 5, 48, 'Kristýna ', 'Burlová', 'x.rabu@seznam.cz', 2002, 2, 'RB mtb team', '', '', 50018, 0, '', '2011-07-11 13:29:49'),
(617, 5, 57, 'Tomáš', 'Beran', 'info@sportberan.cz', 2003, 1, 'CK Sport Beran Chrást', '', '', 50019, 0, '', '2011-07-12 14:04:38'),
(618, 5, 55, 'Lukáš', 'Beran', 'info@sportberan.cz', 2005, 1, 'CK Sport Beran Chrást', '', '', 50020, 0, '', '2011-07-12 14:05:28'),
(619, 5, 61, 'vojtech', 'jarolim', 'jarolim.vojta@centrum.cz', 1969, 1, 'actionbike Plzen', '', '', 50021, 0, '', '2011-07-12 15:18:00'),
(620, 5, 57, 'Michal', 'Král', 'servis@vrata-matejka.cz', 2004, 1, 'Vrata Matějka', '724 041 943', '', 50022, 0, '', '2011-07-13 07:24:36'),
(621, 4, 41, 'Jaroslav', 'Klouček', 'malychlapec@email.cz', 1957, 1, 'Koloušek-team', '', '', 40020, 1, '', '2011-07-13 09:36:31'),
(622, 5, 64, 'Jakub', 'Morgenstern', 'jakub.morgenstern@centrum.cz', 1981, 1, 'Plzeň', '605487975', '', 50023, 0, '', '2011-07-13 12:52:56'),
(623, 5, 49, 'Milan', 'Vopat', 'vopat.milan@gmail.com', 1999, 1, 'Lokomotiva Rakovník', '737271777', '', 50024, 0, '', '2011-07-13 13:18:03'),
(624, 5, 52, 'Kateřina', 'Vopatová', 'vopat.milan@gmail.com', 1998, 2, 'Lokomotiva Rakovník', '732599820', '', 50025, 0, '', '2011-07-13 13:19:46'),
(625, 4, 35, 'Vojtech', 'Jarolim', 'jarolim.vojta@centrum.cz', 1969, 1, 'Actionbike  Plzen', '', '', 40021, 1, '', '2011-07-13 15:53:11'),
(626, 5, 48, 'Zuzana', 'Kadlecová', 'k.pavlina@email.cz', 2002, 2, 'KLADNO', '', '', 50026, 0, '', '2011-07-13 20:24:09'),
(627, 4, 39, 'Pavel', 'Prey', 'pavelprey@seznam.cz', 1976, 1, 'sám', '', '', 40022, 1, '', '2011-07-13 20:34:38'),
(628, 5, 55, 'Jaromír', 'Kohout', 'jaromir.kohout@centrum.cz', 2005, 1, 'Plzeň', '777330907', '', 50027, 0, '', '2011-07-13 20:45:37'),
(629, 4, 39, 'Tomáš', 'Bezouška', 'bezat@volny.cz', 1976, 1, 'sám', '', '', 40023, 1, '', '2011-07-13 23:55:15'),
(630, 5, 48, 'Karolína', 'Poláková', 'bambas@tiscali.cz', 2001, 2, 'Team bike Březová', '606686865', '', 50028, 0, '', '2011-07-14 09:35:41'),
(631, 5, 50, 'Karolína', 'Poláková', 'bambas@tiscali.cz', 2000, 2, 'Team bike Březová', '606686865', '', 50029, 0, '', '2011-07-14 09:37:47'),
(632, 5, 51, 'Vít', 'Muzikář', 'jitkamuzikarova@seznam.cz', 1998, 1, 'Author Team Stupno', '732 492 806', '', 50030, 0, '', '2011-07-14 16:58:58'),
(633, 5, 60, 'Lída', 'Zatloukalová', 'lida.zat@gmail.com', 1981, 2, 'BicycleCafe', '', '', 50031, 0, '', '2011-07-15 10:11:35'),
(634, 5, 64, 'Petr', 'Dobrý', 'dobrypetr@seznam.cz', 1977, 1, 'BicycleCafe', '', '', 50032, 0, '', '2011-07-15 10:15:15'),
(635, 5, 60, 'Bára', 'Hirmanová', 'barborahirmanova@seznam.cz', 1985, 2, 'Duratec team', '', '', 50033, 0, '', '2011-07-16 16:12:56'),
(636, 4, 39, 'Radek', 'Škubal', 'rskubal@centrum.cz', 1972, 1, 'SUP fan HB', '', '', 40024, 0, '', '2011-07-18 10:36:08'),
(637, 5, 53, 'Jan', 'Ryba', 'RYBAJAN@seznam.cz', 1995, 1, 'AUTHOR TEAM STUPNO', '', '', 50034, 0, '', '2011-07-18 15:45:06'),
(638, 5, 51, 'Tomáš', 'Kalivoda', 'tomas.kalivoda@klikni.cz', 1998, 1, 'Ski klub Šumava', '', '', 50035, 0, '', '2011-07-18 22:15:48'),
(639, 5, 57, 'Lukáš', 'Kalivoda', 'tomas.kalivoda@klikni.cz', 2003, 1, 'Skiraplé ski Šumava', '', '', 50036, 0, '', '2011-07-18 22:19:34'),
(640, 5, 61, 'Josef', 'Vorel', 'vorel.josef@seznam.cz', 1966, 1, 'Ramala', '605188335', '', 50037, 0, '', '2011-07-19 08:28:26'),
(641, 5, 48, 'Viktorie', 'Pánková', 'hemendy@seznam.cz', 2002, 2, 'CK Sport Beran Chrást', '608171534', '', 50038, 0, '', '2011-07-19 18:48:47'),
(642, 4, 41, 'Jaroslav', 'Hykl', 'hykl.jaroslav@seznam.cz', 1961, 1, 'Empex Plzeň', '', '', 40025, 1, '', '2011-07-19 21:24:12'),
(643, 5, 60, 'Mirka ', 'Špalková', 'mirkar@centrum.cz', 1963, 2, 'CyklosportCheb', '', '', 50039, 0, '', '2011-07-20 16:23:57'),
(644, 4, 46, 'Lenka', 'Hachová', 'lenka.hachova@seznam.cz', 1972, 2, 'SK Buček', '', '', 40026, 1, '', '2011-07-20 16:33:16'),
(645, 5, 62, 'Miroslav', 'Špalek', 'm.spalek@c-box.cz', 1961, 1, 'Cyklosport Cheb', '602 287 615', '', 50040, 0, '', '2011-07-20 17:56:30'),
(646, 4, 33, 'Tomáš', 'Průcha', 'prucha.petr@email.cz', 1985, 1, 'Rokycany', '', '', 40027, 1, '', '2011-07-20 19:06:51'),
(647, 4, 45, 'Milan', 'Sládek', 'sladek.milda@seznam.cz', 1996, 1, 'Odlezly', '', '', 40028, 0, '', '2011-07-21 13:00:29'),
(648, 5, 63, 'Jan', 'Kořínek', 'jendakor@seznam.cz', 1991, 1, 'Author team Stupno', '', '', 50041, 0, '', '2011-07-21 19:50:33'),
(649, 5, 53, 'Daniel', 'Pánek', 'deny.pan@seznam.cz', 1995, 1, 'AUTHOR TEAM STUPNO', '', '', 50042, 0, '', '2011-07-22 10:48:59'),
(650, 5, 60, 'Radka', 'Spěšná', 'spesna.radka@seznam.cz', 1979, 2, 'Bikesport Plzeň.,beespee.cz', '', '', 50043, 0, '', '2011-07-22 12:08:10'),
(651, 5, 56, 'Adéla', 'Vildomcová', 'spesna.radka@seznam.cz', 2005, 2, 'Plzeň', '', '', 50044, 0, '', '2011-07-22 12:12:31'),
(652, 5, 55, 'Radim', 'Vildomec', 'spesna.radka@seznam.cz', 2007, 1, 'Plzeň', '', '', 50045, 0, '', '2011-07-22 12:15:07'),
(653, 4, 38, 'Jiří', 'Rais', 'jrais@email.cz', 1984, 1, 'Kuky Bike', '', '', 40029, 1, '', '2011-07-22 13:20:13'),
(654, 4, 39, 'Lukáš', 'Rothanzl', 'lukrot@seznam.cz', 1980, 1, 'Kuky Bike', '', '', 40030, 1, '', '2011-07-22 13:24:04'),
(655, 5, 51, 'Matěj', 'Ouda', 'matouda@seznam.cz', 1997, 1, 'Author team Stupno', '739141944', '', 50046, 0, '', '2011-07-22 18:21:26'),
(656, 4, 33, 'Lukáš', 'Berka', 'berkoska@seznam.cz', 1983, 1, 'Kralovice', '', '', 40031, 1, '', '2011-07-22 19:36:58'),
(657, 5, 53, 'Daniel', 'Hausner', 'daniel.hausner@seznam.cz', 1995, 1, 'AUTHOR TEAM STUPNO', '728109030', '', 50047, 0, '', '2011-07-22 22:22:08'),
(658, 5, 54, 'Daniela', 'Březinová ', 'danielabrezinova@centrum.cz', 1996, 2, 'Remerx Cycling Team Kolín', '', '', 50048, 0, '', '2011-07-23 00:35:46'),
(659, 5, 61, 'Pavel', 'Němota', 'ci-5@volny.cz', 1967, 1, 'Giant Cycling Team', '724365398', '', 50049, 0, '', '2011-07-23 13:21:49'),
(660, 5, 49, 'Robert', 'Svítil', 'svitilova@klikni.cz', 2000, 1, 'Author team stupno', '724 598 388', '', 50050, 0, '', '2011-07-23 20:05:01'),
(661, 5, 47, 'Michal', 'Svítil', 'svitilova@klikni.cz', 2002, 1, 'Author team stupno', '724 598 388', '', 50051, 0, '', '2011-07-23 20:07:57'),
(662, 5, 47, 'Adam', 'Horník', 'HOSOII@seznam.cz', 2001, 1, 'SPORTCLUBPLZEŇ', '725682075', '', 50052, 0, '', '2011-07-23 21:04:49'),
(663, 5, 57, 'Maximilian', 'Kerl', 'i.kerl@seznam.cz', 2004, 1, 'CK Sport Beran Chrást', '', '', 50053, 0, '', '2011-07-24 18:51:58'),
(664, 5, 55, 'Sebastian', 'Kerl', 'i.kerl@seznam.cz', 2007, 1, 'CK Sport Beran Chrást', '', '', 50054, 0, '', '2011-07-24 18:53:22'),
(665, 5, 54, 'Tereza', 'Vališová', 'terezavalisova@seznam.cz', 1995, 2, 'Author team Stupno', '', '', 50055, 0, '', '2011-07-24 19:18:57'),
(666, 4, 40, 'Pavel', 'Linc', 'P.Linc@atlas.cz', 1964, 1, 'Oceloví letci', '', '', 40032, 1, '', '2011-07-24 22:51:00'),
(667, 5, 55, 'Jakub', 'Šmíd', 'Honza.xc@seznam.cz', 2006, 1, 'Plzeň', '606805969', '', 50056, 0, '', '2011-07-24 22:56:53'),
(668, 5, 58, 'Adéla', 'Šmídová', 'Honza.xc@seznam.cz', 2003, 2, 'Plzeň', '606805969', '', 50057, 0, '', '2011-07-24 22:58:36'),
(669, 5, 48, 'Michaela', 'Vodičková', 'petravo@seznam.cz', 2002, 2, 'Starý Plzenec', '777607896', '', 50058, 0, '', '2011-07-25 09:30:21'),
(670, 5, 47, 'Daniel', 'Vodička', 'petravo@seznam.cz', 2002, 1, 'Starý Plzenec', '777607896', '', 50059, 0, '', '2011-07-25 09:35:01'),
(671, 5, 47, 'Jan', 'Hacko', 'Irena.Hackova@seznam.cz', 2001, 1, 'Dýšina', '603894112', '', 50060, 0, '', '2011-07-25 13:40:12'),
(672, 5, 56, 'Markéta', 'Hacková', 'Irena.Hackova@seznam.cz', 2006, 2, 'Dýšina', '603894112', '', 50061, 0, '', '2011-07-25 13:43:39'),
(673, 4, 34, 'Josef', 'Černý', 'cubeman@seznam.cz', 1977, 1, 'MTB Nežichov', '', '', 40033, 1, '', '2011-07-25 16:01:05'),
(674, 5, 61, 'Miroslav', 'Kobes', 'mik70@centrum.cz', 1970, 1, 'VELOSPORT DOMAŽLICE', '604800991', '', 50062, 0, '', '2011-07-25 17:45:58'),
(675, 5, 53, 'Lukáš', 'Kobes', 'mik70@centrum.cz', 1996, 1, 'VELOSPORT DOMAŽLICE', '604800991', '', 50063, 0, '', '2011-07-25 17:47:34'),
(676, 5, 62, 'Petr', 'Špička', 'spb@cmail.cz', 1960, 1, 'Ramala Rakovník', '', '', 50064, 0, '', '2011-07-25 18:06:44'),
(677, 5, 47, 'Adam', 'Matulka', 'alexandr@matulka.cz', 2001, 1, 'Stříbro', '606647337', '', 50065, 0, '', '2011-07-25 20:08:35'),
(678, 4, 35, 'Martin', 'Moucha', 'martin@nezichov.cz', 1971, 1, 'MTB Nežichov', '', '', 40034, 1, '', '2011-07-25 20:16:05'),
(679, 5, 61, 'Martin', 'Moucha', 'martin@nezichov.cz', 1971, 1, 'MTB Nežichov', '777841454', '', 50066, 0, '', '2011-07-25 20:19:39'),
(680, 5, 64, 'vaclav', 'metlicka', 'vmetlicka@seznam.cz', 1973, 1, 'Johnson Controls AŠ Mlada Boleslav', '603205709', '', 50067, 0, '', '2011-07-25 20:32:27'),
(681, 5, 58, 'Justýna', 'Kolářová', 'vas.kolar@seznam.cz', 2004, 2, 'Semily', '', '', 50068, 0, '', '2011-07-25 21:28:37'),
(682, 5, 64, 'Martin', 'Lízner', 'martinlizner@post.cz', 1975, 1, 'Říčany', '608972231', '', 50069, 0, '', '2011-07-25 21:33:55'),
(683, 5, 47, 'Ondřej', 'Zuna', 'miradoubravka@seznam.cz', 2002, 1, 'Author team Stupno', '775131367', '', 50070, 0, '', '2011-07-25 23:05:32'),
(684, 5, 57, 'Štěpán ', 'Zuna', 'miradoubravka@seznam.cz', 2004, 1, 'Author team Stupno', '775131367', '', 50071, 0, '', '2011-07-25 23:10:00'),
(685, 5, 47, 'Petr', 'Kalčík', 'p.kalcik@seznam.cz', 2002, 1, 'Internetovestranky.com', '', '', 50072, 0, '', '2011-07-26 08:04:04'),
(686, 5, 56, 'Barbora', 'Kalčíková', 'p.kalcik@seznam.cz', 2005, 2, 'Internetovestranky.com', '', '', 50073, 0, '', '2011-07-26 08:05:37'),
(687, 5, 58, 'Nela', 'Viktorová', 'nelaviki@seznam.cz', 2004, 2, 'LYKOKLUB Prachatice', '774596472', '', 50074, 0, '', '2011-07-26 13:55:17'),
(688, 4, 41, 'Karel', 'Pešek', 'elektron.plus@seznam.cz', 1951, 1, 'Koloušek team', '', '', 40035, 1, '', '2011-07-26 14:14:57'),
(689, 5, 49, 'David', 'Zadák', 'rzadak@email.cz', 1999, 1, 'CYKLOTEAM OSTROV', '', '', 50075, 0, '', '2011-07-26 16:30:49'),
(690, 5, 59, 'Tomáš', 'Novotný', 'el.tomas@seznam.cz', 1993, 1, 'JTRN Holoubkov', '603460607', '', 50076, 0, '', '2011-07-26 17:35:46'),
(691, 5, 55, 'Vojtěch', 'Tolar', 'ales.tolar@seznam.cz', 2006, 1, 'Plzeň', '736681834', '', 50077, 0, '', '2011-07-26 18:40:35'),
(692, 5, 63, 'Martin', 'Fučík', 'marfuc@post.cz', 1985, 1, 'Dukla Praha', '', '', 50078, 0, '', '2011-07-26 20:57:19'),
(693, 5, 64, 'Robert', 'Dobrý', 'r.dobry@seznam.cz', 1974, 1, 'Lokomotiva Rakovník', '', '', 50079, 0, '', '2011-07-27 10:54:03'),
(694, 4, 39, 'Radek', 'Baslík', 'radek.baslik@seznam.cz', 1979, 1, 'Barbados team', '', '', 40036, 1, '', '2011-07-27 14:10:53'),
(695, 5, 58, 'Dagmar', 'Hejhalová', 'bikestoremtb@seznam.cz', 2003, 2, 'BIKESTORE.CZ MTB TEAM', '', '', 50080, 0, '', '2011-07-27 16:40:56'),
(696, 5, 52, 'Denisa', 'Lukešová', 'lukes.mil@seznam.cz', 1998, 2, 'Author team Stupno', '', '', 50081, 0, '', '2011-07-27 17:00:08'),
(697, 5, 63, 'Daniel', 'Lukeš', 'lukes.mil@seznam.cz', 1992, 1, 'Author team Stupno', '', '', 50082, 0, '', '2011-07-27 17:04:01'),
(698, 5, 62, 'Milan', 'Černý', 'info@3sc.cz', 1951, 1, 'Sportovní Club Černý', '724201530', '', 50083, 0, '', '2011-07-27 17:32:55'),
(699, 5, 51, 'Daniel', 'Wagner', 'dan25wagner@seznam.cz', 1997, 1, 'Město Touškov', '', '', 50084, 0, '', '2011-07-27 19:02:10'),
(700, 5, 64, 'Radek', 'Jonák', 'r.jonak@seznam.cz', 1979, 1, 'Mont-Blanc MTB team', '777815769', '', 50085, 0, '', '2011-07-27 21:38:52'),
(701, 5, 60, 'Dana', 'Fialová', 'dafialo@seznam.cz', 1989, 2, 'PROFI SPORT Cheb', '777885655', '', 50086, 0, '', '2011-07-27 23:06:46'),
(702, 5, 47, 'Dominik', 'Fiala', 'petrfial@email.cz', 2001, 1, 'PROFI SPORT Cheb', '', '', 50087, 0, '', '2011-07-27 23:08:20'),
(703, 5, 53, 'Petr', 'Fiala', 'petrfial@email.cz', 1995, 1, 'PROFI SPORT Cheb', '777110514', '', 50088, 0, '', '2011-07-27 23:09:29'),
(704, 5, 49, 'Karel', 'Tyrpekl', 'ktyrpekl@seznam.cz', 1999, 1, 'PROFI SPORT Cheb', '', '', 50089, 0, '', '2011-07-27 23:10:51'),
(705, 5, 52, 'Tereza', 'Hošmanová', 'sportbike@email.cz', 1997, 2, 'PROFI SPORT Cheb', '', '', 50090, 0, '', '2011-07-27 23:12:35'),
(706, 5, 52, 'Amanda', 'Stašková', 'petrfial@email.cz', 1998, 2, 'PROFI SPORT Cheb', '', '', 50091, 0, '', '2011-07-27 23:13:30'),
(707, 4, 39, 'Marcel', 'Mika', 'vision.m@seznam.cz', 1973, 1, 'Barový povaleči', '', '', 40037, 1, '', '2011-07-28 10:43:16'),
(708, 4, 45, 'Luděk', 'Běláč', 'lbelac@bos.de', 1968, 1, 'Kralovice', '', '', 40038, 1, '', '2011-07-28 14:15:09'),
(709, 4, 45, 'David', 'Běláč', 'lbelac@bos.de', 2000, 1, 'Kralovice', '', '', 40039, 1, '', '2011-07-28 14:17:56'),
(710, 4, 45, 'Filip', 'Půta', 'mira351@seznam.cz', 1997, 1, 'ŽIHLE', '', '', 40040, 1, '', '2011-07-28 21:38:39'),
(711, 4, 45, 'Tomáš', 'Půta', 'mira351@seznam.cz', 1997, 1, 'Žihle', '', '', 40041, 1, '', '2011-07-28 21:40:20'),
(712, 4, 45, 'Jaromír', 'Půta', 'mira351@seznam.cz', 1966, 1, 'Žihle', '', '', 40042, 1, '', '2011-07-28 21:42:26'),
(713, 5, 63, 'Ondřej', 'Paur', 'Pauro@seznam.cz', 1991, 1, 'CK Stock Plzen', '', '', 50092, 0, '', '2011-07-28 22:11:35'),
(714, 5, 58, 'Simona ', 'Spěšná', 'l.spesna@seznam.cz', 2004, 2, 'S&H Superior MTB Team', '', '', 50093, 0, '', '2011-07-28 22:19:10'),
(715, 5, 55, 'Samuel', 'Spěšný', 'l.spesna@seznam.cz', 2007, 1, 'S&H Superior MTB Team', '', '', 50094, 0, '', '2011-07-28 22:20:20'),
(716, 5, 64, 'Milan', 'Spěšný', 'm.spesny@seznam.cz', 1977, 1, 'S&H Superior MTB Team', '', '', 50095, 0, '', '2011-07-28 22:21:25'),
(717, 5, 63, 'Jiří', 'Doležal', 'jirkagzw@tiscali.cz', 1992, 1, 'AC Sparta Praha', '72383501', '', 50096, 0, '', '2011-07-29 21:41:52'),
(718, 5, 52, 'Andrea', 'Tyrpeklová', 'KTyrpekl@seznam.cz', 1998, 2, 'Profi sport Cheb', '', '', 50097, 0, '', '2011-07-30 16:43:56'),
(719, 4, 35, 'Ladislav', 'Benýr', 'BenLadis@seznam.cz', 1962, 1, 'VELBUD TEAM', '', '', 40043, 1, '', '2011-07-30 19:18:10'),
(720, 4, 38, 'Jiří', 'Podhajský', 'spodhajsky@seznam.cz', 1984, 1, 'ZS-COXYS-DOMO Team', '', '', 40044, 1, '', '2011-07-31 14:25:40');
INSERT INTO `users` (`id`, `competition_id`, `kategory_id`, `first_name`, `last_name`, `email`, `birthday`, `sex`, `user_field_1`, `user_field_2`, `user_field_3`, `symbol`, `paid`, `description`, `created_at`) VALUES
(721, 4, 35, 'Ivan', 'Dlabač', 'ivan.dlabac@seznam.cz', 1966, 1, 'žádný', '', '', 40045, 1, '', '2011-07-31 19:08:01'),
(722, 4, 33, 'Jan', 'Dlabač', 'ivan.dlabac@seznam.cz', 1992, 1, 'žádný', '', '', 40046, 1, '', '2011-07-31 19:13:11'),
(723, 4, 39, 'Daniel', 'Buchtelík', 'buchtelikd@seznam.cz', 1977, 1, 'Výrov', '', '', 40047, 1, '', '2011-07-31 21:21:44'),
(724, 4, 39, 'Baxa', 'Martin', 'martinbaxa1@seznam.cz', 1974, 1, 'Plasy', '', '', 40048, 0, '', '2011-07-31 21:22:24'),
(725, 4, 38, 'Jaroslav', 'Spurný', 'spurny.jaroslav@drops.cz', 1987, 1, 'Jesenice', '', '', 40049, 1, '', '2011-07-31 21:45:49'),
(726, 4, 34, 'Václav', 'Černý', 'vcerny@email.cz', 1974, 1, 'BBM Corratec Plzeň', '', '', 40050, 1, '', '2011-08-01 11:17:27'),
(727, 4, 34, 'Lukáš', 'Říhánek', 'lucasmtb@seznam.cz', 1979, 1, '2V BIKERS', '', '', 40051, 1, '', '2011-08-02 10:35:40'),
(728, 4, 41, 'Otomar', 'Slavík', 'Slavik.O@seznam.cz', 1958, 1, 'Hokok Kladno', '', '', 40052, 1, '', '2011-08-02 13:47:58'),
(729, 4, 40, 'Hanuš', 'Bošek', 'smol.pachol1@seznam.cz', 1963, 1, 'Plzeň', '', '', 40053, 1, '', '2011-08-02 19:35:48'),
(730, 4, 39, 'Martin', 'Baxa', 'martinbaxa1@seznam.cz', 1974, 1, 'Plasy', '', '', 40054, 1, '', '2011-08-02 21:15:19'),
(731, 4, 40, 'Josef', 'Jiška', 'josef.jiska@seznam.cz', 1964, 1, 'Plzeň', '', '', 40055, 1, '', '2011-08-03 07:04:13'),
(732, 4, 41, 'Vaclav', 'Tyxa', 'vtyxa@volny.cz', 1945, 1, 'Biketeam Kročehlavy', '', '', 40056, 1, '', '2011-08-03 10:46:20'),
(733, 4, 46, 'Lada', 'Benešová', 'jarolada@seznam.cz', 1982, 2, 'Hadačka', '', '', 40057, 1, '', '2011-08-03 19:51:35'),
(734, 4, 45, 'Jaromír', 'Beneš', 'jarolada@seznam.cz', 1974, 1, 'Hadačka', '', '', 40058, 1, '', '2011-08-03 19:54:40'),
(735, 4, 45, 'Marek', 'Beneš', 'jarolada@seznam.cz', 1982, 1, 'Hadačka', '', '', 40059, 1, '', '2011-08-03 19:56:48'),
(736, 4, 42, 'Lucie', 'Hájková', 'hajkovalucis@seznam.cz', 1982, 2, 'VenZeVrat', '', '', 40060, 1, '', '2011-08-04 10:03:35'),
(737, 4, 39, 'Dalibor', 'Pokorný', 'dalibor156@seznam.cz', 1972, 1, '2VBikers', '', '', 40061, 1, '', '2011-08-04 10:06:17'),
(738, 4, 39, 'Jiří', 'Krsek', 'krsek25@seznam.cz', 1974, 1, 'Bike parta', '', '', 40062, 1, '', '2011-08-04 10:09:45'),
(739, 4, 40, 'Milan', 'Sunkovský', 'sunkovsky@croy.cz', 1963, 1, 'HK Rakovník', '', '', 40063, 1, '', '2011-08-04 10:50:14'),
(740, 4, 41, 'Zdeněk', 'Benedikt', 'z.bened@seznam.cz', 1961, 1, 'HK Rakovník', '', '', 40064, 1, '', '2011-08-04 10:52:15'),
(741, 4, 34, 'Luboš', 'Jedlička', 'plzen@autokarlov.cz', 1979, 1, 'Autokarlov', '', '', 40065, 1, '', '2011-08-04 14:12:02'),
(742, 4, 38, 'Ondřej', 'Šíma', 'osimi@post.cz', 1982, 1, 'Louny', '', '', 40066, 1, '', '2011-08-04 15:03:08'),
(743, 4, 35, 'Radek', 'Beneš', 'rbenes@volny.cz', 1970, 1, 'ViR', '', '', 40067, 1, '', '2011-08-05 17:03:21'),
(744, 4, 45, 'Petr', 'Krumlovský', 'krumlovsky.p@seznam.cz', 1974, 1, 'žádný', '', '', 40068, 1, '', '2011-08-06 12:07:24'),
(745, 4, 41, 'Václav', 'Slabý', 'tupyp@seznam.cz', 1958, 1, 'Kralovice', '', '', 40069, 1, '', '2011-08-06 13:04:24'),
(746, 4, 39, 'Roman', 'Pelčík (fofrník)', 'pelcik.roman@gmail.com', 1974, 1, 'kl sport Most', '', '', 40070, 1, '', '2011-08-06 13:59:14'),
(747, 4, 45, 'Jaroslav', 'Vodrážka', 'vodrazka183@seznam.cz', 1994, 1, 'Buček', '', '', 40071, 1, '', '2011-08-06 21:43:21'),
(748, 4, 45, 'Vítek', 'Vodrážka', 'Vodrazka183@seznam.cz', 1996, 1, 'Buček', '', '', 40072, 1, '', '2011-08-06 21:47:29'),
(749, 4, 45, 'Michal', 'Knot', 'knotak7@seznam.cz', 1994, 1, 'bikeclub Kralovice', '', '', 40073, 0, '', '2011-08-06 22:09:23'),
(750, 4, 39, 'Jindřich', 'Balej', 'jindrich.balej@seznam.cz', 1976, 1, 'Tichošlap Litvínov', '', '', 40074, 1, '', '2011-08-07 11:34:14'),
(751, 4, 45, 'Václav ', 'Král', 'venykral@seznam.cz', 1982, 1, 'Veny team ', '', '', 40075, 1, '', '2011-08-07 11:51:08'),
(752, 4, 45, 'Tomáš', 'Prokopec', 'venykral@seznam.cz', 1976, 1, 'Veny team', '', '', 40076, 1, '', '2011-08-07 11:54:15'),
(753, 4, 40, 'Milan', 'Bláha', 'milanb.k@seznam.cz', 1965, 1, 'není', '', '', 40077, 1, '', '2011-08-07 16:22:15'),
(754, 4, 45, 'Jiří ', 'Sedláček', 'sedlhanka@seznam.cz', 1978, 1, 'Není', '', '', 40078, 1, '', '2011-08-07 19:46:38'),
(755, 4, 40, 'Jiří', 'Karban', 'nabrak@seznam.cz', 1971, 1, 'Křeče Litvínov', '', '', 40079, 1, '', '2011-08-08 09:29:14'),
(756, 4, 44, 'Miroslav', 'Medek', 'miroslavmedek@email.cz', 1993, 1, 'CykloPro HobbyTeam', '', '', 40080, 1, '', '2011-08-08 10:36:59'),
(757, 4, 36, 'Jiří', 'Karlovec', 'jkarlovec@seznam.cz', 1959, 1, 'VELBUD TEAM', '', '', 40081, 1, '', '2011-08-08 11:38:04'),
(758, 4, 38, 'Jonáš', 'Janoušek', 'jonas.janousek@centrum.cz', 1987, 1, 'Rotorbike', '', '', 40082, 1, '', '2011-08-08 12:36:21'),
(759, 4, 39, 'Miroslav', 'Setvák', 'mira.setvak@gmail.com', 1976, 1, 'Sabotage Litvínov', '', '', 40083, 1, '', '2011-08-08 15:20:39'),
(760, 4, 38, 'Lubomír ', 'Weiss', 'l.weiss@centrum.cz', 1982, 1, '-----', '', '', 40084, 0, '', '2011-08-08 15:37:06'),
(761, 4, 45, 'Petr', 'Kodet', 'hana.kodetova@seznam.cz', 1975, 1, 'Barracuda team', '', '', 40085, 1, '', '2011-08-08 16:34:14'),
(762, 4, 45, 'Roman', 'Čuřík', 'curik@zskralovice.cz', 1968, 1, 'Kralovice', '', '', 40086, 1, '', '2011-08-08 18:00:58'),
(763, 4, 45, 'Radek', 'Čuřík', 'radek.curik@sskralovice.cz', 1970, 1, 'Kralovice', '', '', 40087, 1, '', '2011-08-08 18:05:38'),
(764, 4, 45, 'Stanislav', 'Zeman', 'curik@zskralovice.cz', 1972, 1, 'Kralovice', '', '', 40088, 1, '', '2011-08-08 18:06:42'),
(765, 4, 45, 'Matěj', 'Zeman', 'curik@zskralovice.cz', 1999, 1, 'Kralovice', '', '', 40089, 1, '', '2011-08-08 18:07:42'),
(766, 4, 46, 'Kateřina', 'Zemanová', 'curik@zskralovice.cz', 1995, 2, 'Kralovice', '', '', 40090, 1, '', '2011-08-08 18:08:25'),
(767, 4, 46, 'Markéta', 'Čuříková', 'radek.curik@sskralovice.cz', 1981, 2, 'Kralovice', '', '', 40091, 1, '', '2011-08-08 18:09:27'),
(768, 4, 45, 'Ladislav', 'Beneš', 'radek.curik@sskralovice.cz', 1982, 1, 'Kralovice', '', '', 40092, 0, '', '2011-08-08 18:10:44'),
(769, 4, 45, 'Pavel', 'Vrána', 'radek.curik@sskralovice.cz', 2001, 1, 'Kralovice', '', '', 40093, 1, '', '2011-08-08 18:12:11'),
(770, 4, 40, 'Pavel', 'Tolar', 'PAVEL336@seznam.cz', 1964, 1, '2V BIKERS', '', '', 40094, 1, '', '2011-08-08 19:09:06'),
(771, 4, 35, 'Pavel', 'Král', 'pavka.kralik@seznam.cz', 1968, 1, 'Plzeň', '', '', 40095, 1, '', '2011-08-08 19:45:35'),
(772, 4, 45, 'Martin', 'Král', 'macicekkralicek@seznam.cz', 1998, 1, 'Plzeň', '', '', 40096, 1, '', '2011-08-08 19:49:41'),
(773, 4, 45, 'Radek', 'Šott', 'radek.sott@seznam.cz', 1996, 1, 'bike club Buček', '', '', 40097, 1, '', '2011-08-08 20:22:11'),
(774, 4, 41, 'Pavel', 'Melichar', 'Melipavel@seznam.cz', 1945, 1, 'Oloví', '', '', 40098, 1, '', '2011-08-08 20:24:54'),
(775, 4, 45, 'Aleš', 'Fiala', 'afiala@dalunet.cz', 1988, 1, 'není', '', '', 40099, 1, '', '2011-08-08 20:44:31'),
(776, 4, 45, 'Martin', 'Šíla', 'jindra.silova@tiscali.cz', 1971, 1, 'Most', '', '', 40100, 1, '', '2011-08-08 20:48:50'),
(777, 4, 46, 'Hana', 'Sedláčková', 'sedlhanka@seznam.cz', 1987, 2, 'Není', '', '', 40101, 1, '', '2011-08-08 20:57:15'),
(778, 4, 36, 'Zdenek', 'Lidický', 'lidickyzdenek@seznam.cz', 1957, 1, 'Slavie Karlovy Vary', '', '', 40102, 1, '', '2011-08-08 22:04:03'),
(779, 4, 46, 'Eva', 'Lidická', 'evalidicka@seznam.cz', 1961, 2, 'Cyklocentrum Vondráček K.Vary', '', '', 40103, 1, '', '2011-08-08 22:10:24'),
(780, 4, 39, 'Jaroslav', 'Černý', 'jarin.cerny@seznam.cz', 1978, 1, 'CykloPro HobbyTeam', '', '', 40104, 1, '', '2011-08-08 22:15:26'),
(781, 4, 45, 'Antonín', 'Dalibor', 'antonin.dali01@gmail.com', 1970, 1, 'žádný', '', '', 40105, 1, '', '2011-08-08 22:26:18'),
(782, 4, 46, 'Ivana', 'Daliborová', 'idaliborova@csas.cz', 1970, 2, 'žádný', '', '', 40106, 1, '', '2011-08-08 22:29:56'),
(783, 4, 45, 'Matěj', 'Dalibor', 'matej.dali@gmail.com', 1996, 1, 'žádný', '', '', 40107, 1, '', '2011-08-08 22:32:00'),
(784, 4, 39, 'Maroš', 'Beran', 'maros.beran@centrum.cz', 1977, 1, 'CykloPro HobbyTeam', '', '', 40108, 1, '', '2011-08-09 09:35:46'),
(785, 4, 46, 'Milena', 'Písačková', 'mpx@seznam.cz', 1980, 2, 'beespee.cz', '', '', 40109, 1, '', '2011-08-09 09:57:36'),
(786, 4, 34, 'Antonín', 'Pacovský', 'tonyy@atlas.cz', 1973, 1, 'MTBTony', '', '', 40110, 1, '', '2011-08-09 11:09:34'),
(787, 4, 40, 'Petr', 'Jansa', 'p.jansa@upcmail.cz', 1965, 1, 'Lužiny', '', '', 40111, 1, '', '2011-08-09 12:41:11'),
(788, 4, 46, 'Pavla ', 'Kašparová', 'Jarana1@seznam.cz', 1966, 2, 'MTBS Kralupy nad Vltavou ', '', '', 40112, 1, '', '2011-08-09 12:49:24'),
(789, 4, 45, 'Ladislav', 'Beneš', 'radek.curik@sskralovive.cz', 1957, 1, 'Kralovice', '', '', 40113, 1, '', '2011-08-09 13:47:08'),
(790, 4, 40, 'Pavel', 'Křikava', 'pakri@seznam.cz', 1966, 1, 'KřikyTeam', '', '', 40114, 1, '', '2011-08-09 16:05:59'),
(791, 4, 46, 'Lenka', 'Křikavová', 'lenkakrikavova@seznam.cz', 1968, 2, 'KřikyTeam', '', '', 40115, 1, '', '2011-08-09 16:09:18'),
(792, 4, 40, 'Petr', 'Šilhánek', 'psilhanek@volny.cz', 1967, 1, 'ne', '', '', 40116, 1, '', '2011-08-09 17:18:15'),
(793, 4, 39, 'Jaroslav', 'Fík', 'jaroslav.fik@seznam.cz', 1975, 1, 'Doktoři', '', '', 40117, 1, '', '2011-08-09 17:51:28'),
(794, 4, 38, 'Jaroslav', 'Fajtl', 'jaroslavfajtl@seznam.cz', 1990, 1, 'Rotor bike', '', '', 40118, 1, '', '2011-08-09 18:27:19'),
(795, 4, 40, 'Lubomír ', 'Weiss', 'l.weiss@centrum.cz', 1964, 1, 'Ostrov', '', '', 40119, 1, '', '2011-08-09 18:45:46'),
(796, 4, 44, 'Lubomír ', 'Weiss', 'LUBO.SABINOVKA@seznam.cz', 1993, 1, 'Ostrov', '', '', 40120, 1, '', '2011-08-09 18:49:50'),
(797, 4, 33, 'Jan', 'Tříska', 'bossjantriska@seznam.cz', 1986, 1, 'Explosiw Bike Team', '', '', 40121, 1, '', '2011-08-09 22:06:48'),
(798, 4, 40, 'Jindřich', 'Mrzena', 'jindra.lance@seznam.cz', 1970, 1, 'Rakovník', '', '', 40122, 1, '', '2011-08-10 08:33:54'),
(799, 4, 39, 'Pavel', 'Babor', 'pavel.babor@volny.cz', 1972, 1, 'Koloušek team', '', '', 40123, 1, '', '2011-08-10 11:19:29'),
(800, 4, 40, 'Vratislav', 'Houdek', 'vratas.2v@seznam.cz', 1964, 1, '2V BIKERS', '', '', 40124, 1, '', '2011-08-10 11:44:48'),
(801, 4, 38, 'Robin', 'Houdek', 'robinhoudek@seznam.cz', 1986, 1, '2V BIKERS', '', '', 40125, 1, '', '2011-08-10 11:47:48'),
(802, 4, 45, 'Jakub', 'Sladomel', 'SLaidek@seznam.cz', 1989, 1, 'RAPIDO Pedale Rakovník', '', '', 40126, 1, '', '2011-08-10 13:02:03'),
(803, 4, 40, 'Vladimír', 'Kůsa', 'vladakusa@seznam.cz', 1968, 1, 'Koloušek', '', '', 40127, 1, '', '2011-08-10 18:33:15'),
(804, 4, 45, 'Vladimír', 'Kůsa', 'vladakusa@seznam.cz', 1999, 1, 'Koloušek Potvorov', '', '', 40128, 1, '', '2011-08-10 18:35:45'),
(805, 4, 46, 'Barbora', 'Kůsová', 'VLADAKUSA@SEZNAM.CZ', 1994, 2, 'koloušek Potvorov', '', '', 40129, 1, '', '2011-08-10 18:37:07'),
(806, 4, 46, 'Libuše', 'Kůsová', 'vladakusa@seznam.cz', 1982, 2, 'Koloušek Potvorov', '', '', 40130, 1, '', '2011-08-10 18:38:35'),
(807, 4, 40, 'Petr', 'Babor', 'petrbabor@volny.cz', 1969, 1, 'Koloušek team', '', '', 40131, 1, '', '2011-08-10 21:14:34'),
(808, 4, 44, 'Adam ', 'Babor', 'petrbabor@volny.cz', 1994, 1, 'Koloušek team', '', '', 40132, 1, '', '2011-08-10 21:16:55'),
(809, 4, 33, 'Josef', 'Havel', 'gavel2@centrum.cz', 1982, 1, 'Tepelná čerpadla IVT', '', '', 40133, 1, '', '2011-08-10 21:25:04'),
(810, 4, 39, 'Karel', 'Šubrt', 'karelsb@seznam.cz', 1975, 1, 'sám', '', '', 40134, 1, '', '2011-08-10 22:02:20'),
(811, 4, 40, 'Tomáš', 'Drunecký', 'tomas@gelmed.cz', 1964, 1, 'Kola Štorek Řevnice', '', '', 40135, 1, '', '2011-08-11 07:30:44'),
(812, 4, 39, 'Jaroslav', 'Pelant', 'info@krbypelant.cz', 1972, 1, 'koloušek team', '', '', 40136, 1, '', '2011-08-11 10:44:04'),
(813, 4, 45, 'Adam', 'Pelant', 'info@krbypelant.cz', 1997, 1, 'koloušek team', '', '', 40137, 1, '', '2011-08-11 10:49:10'),
(814, 4, 45, 'Vilík', 'šafařík', 'info@krbypelant.cz', 1997, 1, 'koloušek team', '', '', 40138, 1, '', '2011-08-11 10:50:30'),
(815, 4, 38, 'Vít', 'Müller', 'vit.muller@metrostav.cz', 1982, 1, 'Tukan Bike Team Karlovy Vary', '', '', 40139, 0, '', '2011-08-11 11:40:27'),
(816, 4, 46, 'Petra', 'Hoťková', 'petra1305@seznam.cz', 1978, 2, 'žádný', '', '', 40140, 1, '', '2011-08-11 13:17:38'),
(817, 4, 39, 'Ivo ', 'Rybář', 'ivo@korywood.cz', 1980, 1, 'Bike Club Dřeváci', '', '', 40141, 1, '', '2011-08-11 13:38:46'),
(818, 4, 39, 'Jan', 'Slánička', 'Slanicka.j@seznam.cz', 1976, 1, 'Bike Club Dřeváci', '', '', 40142, 1, '', '2011-08-11 13:56:05'),
(819, 4, 42, 'Mirka', 'Reitermanová', 'mirkaspost@seznam.cz', 1971, 2, 'Scorpio Beroun', '', '', 40143, 1, '', '2011-08-11 14:27:43'),
(820, 4, 35, 'Martin', 'Onderka', 'akredno@seznam.cz', 1963, 1, 'Scorpio Beroun', '', '', 40144, 1, '', '2011-08-11 14:29:24'),
(821, 4, 35, 'Luboš', 'Prošek', 'prosek68@seznam.cz', 1968, 1, 'Scorpio Beroun', '', '', 40145, 1, '', '2011-08-11 14:30:26'),
(822, 4, 35, 'Leoš', 'Reiterman', 'leos.reiterman@seznam.cz', 1971, 1, 'Scorpio Beroun', '', '', 40146, 1, '', '2011-08-11 14:31:30'),
(823, 4, 45, 'Jakub', 'Vágner', 'zdenekvagner.79@seznam.cz', 1982, 1, 'Vágneráci most', '', '', 40147, 1, '', '2011-08-11 16:59:36'),
(824, 4, 46, 'Romana', 'Kožíšková', 'r.koziskova@seznam.cz', 1969, 2, 'Kralovice', '', '', 40148, 1, '', '2011-08-11 17:33:00'),
(825, 4, 45, 'Pavel', 'Kožíšek', 'kozisek22@seznam.cz', 1970, 1, 'Kralovice', '', '', 40149, 1, '', '2011-08-11 17:34:29'),
(826, 4, 38, 'Michal', 'Kindl', 'MICHALKINDL@seznam.cz', 1988, 1, 'Kralovice', '', '', 40150, 1, '', '2011-08-11 17:36:08'),
(827, 4, 42, 'Jitka', 'Slachová', 'tupyp@seznam.cz', 1977, 2, 'Kralovice', '', '', 40151, 1, '', '2011-08-11 17:37:19'),
(828, 4, 45, 'Lukáš', 'Jílek', 'lukaschek.93@seznam.cz', 1993, 1, 'žádný ', '', '', 40152, 0, '', '2011-08-11 17:46:30'),
(829, 4, 41, 'Jiří', 'Puš', 'jiripus@quick.cz', 1954, 1, 'Tukani K.Vary', '', '', 40153, 1, '', '2011-08-11 20:05:35'),
(830, 4, 33, 'Martin', 'Strieženec', 'strejda85@seznam.cz', 1985, 1, 'Explosiw Bike Team', '', '', 40154, 1, '', '2011-08-11 20:45:17'),
(831, 4, 40, 'Josef', 'Vorel', 'vorel.josef@seznam.cz', 1966, 1, 'Ramala', '', '', 40155, 1, '', '2011-08-11 22:54:58'),
(832, 4, 42, 'Martina', 'Vorlová', 'vorlova.m@seznam.cz', 1971, 2, 'Ramala', '', '', 40156, 1, 'storno', '2011-08-11 22:59:20'),
(833, 4, 39, 'Radek', 'Harant', 'harant.radek@seznam.cz', 1978, 1, 'Plzeň', '', '', 40157, 1, '', '2011-08-12 09:36:29'),
(834, 4, 39, 'Pavel', 'Bartoš', 'pavel3artos@seznam.cz', 1975, 1, 'Doktoři', '', '', 40158, 1, '', '2011-08-12 10:02:42'),
(835, 4, 34, 'Pavel', 'Krčmařík', 'Pavel.Krcmarik@email.cz', 1977, 1, 'Lázenští Švihácí', '', '', 40159, 1, '', '2011-08-12 15:50:10'),
(836, 4, 40, 'David', 'Mareš', 'maresdawid@seznam.cz', 1970, 1, '0', '', '', 40160, 1, '', '2011-08-12 15:58:10'),
(837, 4, 34, 'Petr', 'Freml', 'pfreml@centrum.cz', 1976, 1, 'Lázenští šviháci', '', '', 40161, 1, '', '2011-08-12 16:43:38'),
(838, 4, 40, 'Pavel', 'Janský', 'janskybilov@seznam.cz', 1964, 1, 'Koloušek team', '', '', 40162, 1, '', '2011-08-12 20:11:10'),
(839, 4, 39, 'Václav', 'Vaniš', 'vaclavvanis@seznam.cz', 1976, 1, '2VBIKERS', '', '', 40163, 1, '', '2011-08-12 21:14:13'),
(840, 4, 45, 'Antonín', 'Hausner', 'hausner.a@seznam.cz', 1966, 1, 'Bikeclub Kralovice', '', '', 40164, 1, '', '2011-08-12 21:20:45'),
(841, 4, 46, 'Tereza', 'Hausnerová', 'hausner.a@seznam.cz', 2000, 2, 'Kralovice', '', '', 40165, 1, '', '2011-08-12 21:23:05'),
(842, 4, 44, 'Daniel', 'Hausner', 'daniel.hausner@seznam.cz', 1995, 1, 'AUTHOR TEAM STUPNO', '', '', 40166, 1, '', '2011-08-12 21:25:04'),
(843, 4, 38, 'Tomáš', 'Janda', 'temelin.2v@seznam.cz', 1982, 1, '2V Bikers', '', '', 40167, 1, '', '2011-08-12 23:30:10'),
(844, 4, 39, 'Jaroslav', 'Šrámek', 'j.sramek@cmail.cz', 1973, 1, 'Nové Strašecí', '', '', 40168, 1, '', '2011-08-13 07:47:23'),
(845, 4, 42, 'Radka', 'Ulčová', 'sttaflik@seznam.cz', 1972, 2, '0', '', '', 40169, 1, '', '2011-08-13 07:51:13'),
(846, 4, 45, 'Petr', 'Würkner', 'wurknerp@seznam.cz', 1984, 1, 'Úlice', '', '', 40170, 1, '', '2011-08-13 08:40:58'),
(847, 4, 46, 'Patrícia', 'Procházková', 'patpro@centrum.cz', 1984, 2, 'Úlice', '', '', 40171, 1, '', '2011-08-13 08:42:03'),
(848, 4, 39, 'Patrik', 'Bujdák', 'j.sramek@cmail.cz', 1974, 1, 'Nové Strašecí', '', '', 40172, 1, '', '2011-08-13 11:31:26'),
(849, 4, 39, 'Jiří ', 'Franc', 'j.sramek@cmail.cz', 1976, 1, 'Nové Strašecí', '', '', 40173, 1, '', '2011-08-13 11:33:34'),
(850, 4, 41, 'Jiří', 'Kapek', 'j.sramek@cmail.cz', 1960, 1, 'Nové Strašecí', '', '', 40174, 1, '', '2011-08-13 16:10:28'),
(851, 4, 39, 'Jakub', 'Průcha', 'prucha.jakub@seznam.cz', 1977, 1, 'Český Krumlov', '', '', 40175, 1, '', '2011-08-13 19:58:03'),
(852, 4, 45, 'Ondřej', 'Staněk', 'f.o.v.st@seznam.cz', 2001, 1, 'bikeclub Kralovice', '', '', 40176, 1, '', '2011-08-13 20:33:30'),
(853, 4, 36, 'Jiří', 'Mandaus', 'jiri.mandaus@quick.cz', 1959, 1, 'ROTORBIKE Plzeň', '', '', 40177, 0, '', '2011-08-14 18:22:02'),
(854, 4, 45, 'Pavel', 'Hauer', 'Harry.ciz@seznam.cz', 1982, 1, 'Čižice', '', '', 40178, 0, '', '2011-08-15 12:16:27'),
(855, 4, 45, 'Pavel', 'Hauer', 'Harry.ciz@seznam.cz', 1979, 1, 'Čižice', '', '', 40179, 1, '', '2011-08-15 12:21:03'),
(856, 4, 38, 'Jakub', 'Štěpánek', 'stepanek.jakub@atlas.cz', 1991, 1, 'TOI TOI cykloklub Slaný', '', '', 40180, 0, '', '2011-08-15 13:24:25'),
(857, 4, 45, 'Václav', 'Křížek', 'v.krizek@opravysekacek.cz', 1975, 1, 'DVBS Dobřany', '', '', 40181, 1, '', '2011-08-15 22:53:23'),
(858, 4, 40, 'Dušan', 'Bodnár', 'd.bodnar@seznam.cz', 1968, 1, 'cyklo Most', '', '', 40182, 0, '', '2011-08-16 12:35:39'),
(859, 4, 34, 'Martin', 'Vít', 'mavit@post.cz', 1980, 1, 'radynebike.cz', '', '', 40183, 1, '', '2011-08-17 09:21:13'),
(860, 4, 34, 'Roman', 'Nováček', 'roman.novacek@gmail.com', 1980, 1, 'Máme dálkový!(.cz)', '', '', 40184, 1, '', '2011-08-17 13:28:03'),
(861, 4, 45, 'Jan', 'Zelený', 'j.h.zeleny@seznam.cz', 1994, 1, '---', '', '', 40185, 0, '', '2011-08-18 19:51:40'),
(862, 4, 46, 'Iveta', 'Janská', 'janskybilov@seznam.cz', 1965, 2, 'Koloušek team', '', '', 40186, 1, '', '2011-08-19 11:37:57'),
(863, 4, 38, 'Michal', 'Smékal', 'seka.michal@seznam.cz', 1982, 1, 'sólo', '', '', 40187, 1, '', '2011-08-19 14:15:39'),
(864, 4, 44, 'Lukáš', 'Kalita', 'extrembikemost@seznam.cz', 1994, 1, 'KL sport Most', '', '', 40188, 0, '', '2011-08-19 14:50:31'),
(865, 4, 39, 'Jan', 'Pudivítr', 'minex@seznam.cz', 1979, 1, 'Tygr team', '', '', 40189, 1, '', '2011-08-19 16:22:44'),
(866, 4, 36, 'Jaroslav', 'Hrubý', 'info@klmost.cz', 1955, 1, 'KL sport Most', '', '', 40190, 0, '', '2011-08-19 18:20:45'),
(867, 4, 40, 'Richard', 'Nemecek', 'Richard.nemecek@seznam.cz', 1969, 1, 'Tigr team', '', '', 40191, 1, '', '2011-08-19 23:34:09'),
(868, 4, 38, 'Vojtěch', 'Krejsa', 'krejsa.voj@seznam.cz', 1991, 1, 'Crazy-Merida Team', '', '', 40192, 0, '', '2011-08-21 09:16:45'),
(869, 4, 40, 'Richard', 'ZDENĚK', 'm.svoboda@vesta.cz', 1966, 1, 'CYCLING TEAM SOKOL KBELY', '', '', 40193, 0, '', '2011-08-21 09:43:29'),
(870, 4, 45, 'Petr', 'Sůva', 'suva.petml@seznam.cz', 1996, 1, 'KL sport Most', '', '', 40194, 0, '', '2011-08-21 12:04:07'),
(871, 4, 41, 'Miroslav', 'Svoboda', 'm.svoboda@vesta.cz', 1952, 1, 'Cycling team Sokol Kbely', '', '', 40195, 0, '', '2011-08-21 12:30:52'),
(872, 4, 40, 'Josef', 'Sousek', 'josef.sousek@superposter.cz', 1966, 1, 'CYKLOTRENINK.com', '', '', 40196, 0, '', '2011-08-21 16:59:56'),
(873, 4, 40, 'Petr', 'Pánek', 'petrpanek67@seznam.cz', 1967, 1, 'Beroun', '', '', 40197, 0, '', '2011-08-22 01:10:21'),
(874, 4, 39, 'Martin', 'Prýca', 'mpryca@seznam.cz', 1973, 1, 'RAMALA Šilhavý', '', '', 40198, 1, '', '2011-08-22 15:28:43'),
(875, 4, 40, 'Marek', 'Šilhavý', 'mpryca@seznam.cz', 1971, 1, 'RAMALA Šilhavý', '', '', 40199, 1, '', '2011-08-22 15:30:08'),
(876, 4, 38, 'Tomáš', 'Bartsch', 't.bartsch@seznam.cz', 1988, 1, 'Záhořanská klika MTB', '', '', 40200, 1, '', '2011-08-22 15:50:05'),
(877, 4, 40, 'Pavel', 'Dubský', 'dubsky@c-box.cz', 1965, 1, 'Severní ledovec', '', '', 40201, 0, '', '2011-08-22 20:50:19'),
(878, 4, 38, 'Daniel', 'Dubský', 'dubsky@c-box.cz', 1992, 1, 'Severní ledovec', '', '', 40202, 0, '', '2011-08-22 20:54:02'),
(879, 4, 40, 'Martin', 'Sklenář', 'sklenar.martin@tiscali.cz', 1968, 1, 'Kralovice', '', '', 40203, 0, '', '2011-08-22 21:22:06'),
(880, 4, 40, 'Petr', 'Klail', 'slamak619@seznam.cz', 1970, 1, 'žádný', '', '', 40204, 0, '', '2011-08-22 21:27:26'),
(881, 4, 40, 'Ladislav', 'Bodó', 'ladislav.bodo@seznam.cz', 1967, 1, 'Ramala s.r.o.', '', '', 40205, 0, '', '2011-08-23 12:03:24'),
(882, 4, 35, 'Kamil', 'Koprnický', 'kamil.koprnicky@seznam.cz', 1966, 1, 'ROTORBIKE Plzeň', '', '', 40206, 0, '', '2011-08-23 12:32:51'),
(883, 4, 38, 'Jakub', 'Pytlík', 'jakub.pytlik@gmail.com', 1989, 1, 'SPOKE', '', '', 40207, 1, '', '2011-08-23 13:04:01'),
(884, 4, 45, 'Libor', 'Kubík', '800800@seznam.cz', 1986, 1, 'SPOKE', '', '', 40208, 1, '', '2011-08-23 13:09:38'),
(885, 4, 40, 'Petr', 'Dubský', 'petrdubsky@email.cz', 1968, 1, 'MTB Beroun', '', '', 40209, 0, '', '2011-08-23 15:59:20'),
(886, 4, 44, 'Viktor', 'Pospíšil', 'pospivik@seznam.cz', 1995, 1, 'TJ Lokomotiva Rakovník', '', '', 40210, 0, '', '2011-08-23 20:38:43'),
(887, 4, 41, 'Libor', 'Madeja', 'libor.madeja@seznam.cz', 1958, 1, 'žádný', '', '', 40211, 0, '', '2011-08-24 00:39:43'),
(888, 4, 46, 'Karolína', 'Kaplická', 'jiri.kaplicky@logica.com', 2006, 2, 'Logica MTB Team', '', '', 40212, 0, '', '2011-08-24 09:55:50'),
(889, 4, 40, 'Jan', 'Hudeček', 'principi@seznam.cz', 1966, 1, 'Bike brdy', '', '', 40213, 0, '', '2011-08-24 10:16:19'),
(890, 4, 46, 'Radka', 'Rychterová', '800800@seznam.cz', 1987, 2, 'SPOKE', '', '', 40214, 1, '', '2011-08-24 11:40:48'),
(891, 4, 38, 'Petr', 'Tomek', 'tomek-petr@seznam.cz', 1985, 1, 'Toi Toi Cykloklub Slaný', '', '', 40215, 0, '', '2011-08-24 12:22:13'),
(892, 4, 39, 'Petr', 'Novák', 'petrnovic@seznam.cz', 1980, 1, '-', '', '', 40216, 0, '', '2011-08-24 16:26:06'),
(893, 4, 46, 'Michaela', 'Vondřichová', 'misavon@volny.cz', 1982, 2, 'SPOKE', '', '', 40217, 1, '', '2011-08-24 20:20:20'),
(894, 4, 45, 'Jakub', 'Kazda', 'jakub.kazda@systherm.com', 1982, 1, 'SPOKE', '', '', 40218, 1, '', '2011-08-24 20:24:42'),
(895, 4, 34, 'Luboš ', 'Krátký', 'luboskratky@tiscali.cz', 1977, 1, 'kl sport Most', '', '', 40219, 0, '', '2011-08-24 20:36:18'),
(896, 4, 34, 'Pavel', 'Michal', 'michal@ivtcentrum.cz', 1973, 1, 'Tepelná čerpadla IVT', '', '', 40220, 0, '', '2011-08-24 21:57:40'),
(897, 4, 39, 'Tomáš', 'Mukařovský', 'mukovicz@seznam.cz', 1980, 1, 'P4LM', '', '', 40221, 0, '', '2011-08-24 22:08:49'),
(898, 4, 38, 'Martin', 'Szewieczek', 'sevrda@seznam.cz', 1986, 1, 'TUKAN bike team Karlovy Vary', '', '', 40222, 0, '', '2011-08-25 10:26:58'),
(899, 4, 40, 'Aleš', 'Burda', 'aquadet@seznam.cz', 1966, 1, 'Severní ledovec', '', '', 40223, 0, '', '2011-08-25 15:11:58'),
(900, 4, 35, 'Michal', 'Matoušek', 'michalecek@seznam.cz', 1971, 1, 'KL SPORT Most ', '', '', 40224, 0, '', '2011-08-25 15:55:37'),
(901, 4, 34, 'Michal', 'Bureš', 'bures@ak-bm.cz', 1977, 1, 'Známka punku', '', '', 40225, 0, '', '2011-08-25 16:55:27'),
(902, 4, 40, 'Martin', 'Borowski', 'borowsk@post.czi', 1971, 1, 'AŠKK Vejprnice', '', '', 40226, 0, '', '2011-08-25 17:50:17'),
(903, 4, 45, 'Petr', 'Nový', 'boornyy@seznam.cz', 1995, 1, 'neregistrovaný', '', '', 40227, 0, '', '2011-08-25 21:01:29'),
(904, 4, 38, 'Jiří', 'Pok', 'Jiripokys@seznam.cz', 1982, 1, 'DR.A.CY', '', '', 40228, 0, '', '2011-08-25 23:14:18'),
(905, 4, 39, 'Petr', 'Stehlik', 'p.stehlik@biesse.cz', 1977, 1, 'BI ESSE', '', '', 40229, 0, '', '2011-08-26 08:31:22'),
(921, 7, 68, 'Karel', 'Svoboda', 'www.kajapit@seznam.cz', 2001, 1, '', '', '', 70015, 0, '', '2011-09-07 20:53:38'),
(920, 7, 69, 'Karel', 'Svoboda', 'www.svoboda@kstherm.cz', 1969, 1, '', '', '', 70014, 0, '', '2011-09-07 20:52:38'),
(919, 7, 69, 'Rudolf', 'Dubský', 'www.playboy088@seznam.cz', 1995, 1, '', '', '', 70013, 0, '', '2011-09-07 20:51:22'),
(918, 7, 68, 'josef', 'dubský', 'www.rustler32@seznam.cz', 1999, 1, '', '', '', 70012, 0, '', '2011-09-07 20:49:25'),
(915, 7, 65, 'Jaroslav', 'Vitásek', 'vitasekmoto@seznam.cz', 1993, 1, '', '', '', 70009, 0, '', '2011-09-07 10:56:28'),
(916, 7, 69, 'Jaroslav', 'Vitásek', 'vitasekmoto@seznam.cz', 1993, 1, '', '', '', 70010, 0, '', '2011-09-07 10:57:35'),
(917, 7, 67, 'Václav', 'Šisl', 'sisl.vaclav@seznam.cz', 1967, 1, '', '', '', 70011, 0, '', '2011-09-07 11:25:41'),
(922, 7, 69, 'Sten', 'Kubec', 'www.stan-@seznam.cz', 1972, 1, '', '', '', 70016, 0, '', '2011-09-07 20:56:05'),
(923, 7, 65, 'Patrik', 'Sulan', 'Dachlmen.mx@seznam.cz', 1994, 1, '', '', '', 70017, 0, '', '2011-09-07 21:13:48'),
(924, 7, 66, 'Patrik', 'Sulan', 'Dachlmen.mx@seznam.cz', 1994, 1, '', '', '', 70018, 0, '', '2011-09-07 21:15:28'),
(925, 7, 69, 'Dominik', 'Vraný', 'v.ranak@seznam.cz', 1996, 1, '', '', '', 70019, 0, '', '2011-09-08 20:22:05'),
(926, 7, 67, 'Zdeněk', 'Rota', 'rota.z@seznam.cz', 1965, 1, '', '', '', 70020, 0, '', '2011-09-10 00:09:44'),
(927, 7, 66, 'Zdeněk', 'Rota', 'rotik360@seznam.cz', 1990, 1, '', '', '', 70021, 0, '', '2011-09-10 00:11:29'),
(928, 7, 69, 'David', 'Groskopf', 'd.groskopf@atlas.cz', 1993, 1, '', '', '', 70022, 0, '', '2011-09-11 22:00:35'),
(929, 7, 68, 'David', 'Stupka', 'SVAJDAP@SEZNAM.CZ', 1996, 1, '', '', '', 70023, 0, '', '2011-09-13 19:15:42'),
(930, 7, 69, 'Michal', 'Frydrýn', 'mfpodlahy@email.cz', 1971, 1, '', '', '', 70024, 0, '', '2011-09-14 07:19:00'),
(931, 7, 68, 'Filip', 'Frydrýn', 'skudcefila@seznam.cz', 1998, 1, '', '', '', 70025, 0, '', '2011-09-14 07:20:37'),
(932, 7, 69, 'Karel', 'Kozák', 'kkml@seznam.cz', 1950, 1, '', '', '', 70026, 0, '', '2011-09-14 21:53:31'),
(933, 7, 68, 'Jakub', 'Heřman', 'kubahermi@seznam.cz', 1998, 1, '', '', '', 70027, 0, '', '2011-09-15 19:13:40'),
(934, 7, 68, 'Miron', 'Douša', 'miron.dousa@mubea.com', 1999, 1, '', '', '', 70028, 0, '', '2011-09-16 12:28:55'),
(935, 7, 66, 'Jan', 'Zvikl', 'zvikl.jan@seznam.cz', 1993, 1, '', '', '', 70029, 0, '', '2011-09-17 18:48:23'),
(941, 7, 69, 'Honza', 'Walter', 'j.enda09@seznam.cz', 1996, 1, '', '', '', 70035, 0, '', '2011-09-28 21:20:33'),
(937, 7, 69, 'Ondřej', 'Tisoň', 'radatisi@seznam.cz', 1996, 1, '', '', '', 70031, 1, '20.9.2011', '2011-09-18 13:08:33'),
(938, 7, 69, 'Václav', 'Heřman', 'vherman2@seznam.cz', 1996, 1, '', '', '', 70032, 0, '', '2011-09-18 16:05:21'),
(939, 7, 69, 'Tadeáš', 'Hájek', 'speedy133@seznam.cz', 1994, 1, '', '', '', 70033, 0, '', '2011-09-25 12:09:10'),
(940, 7, 65, 'jiří', 'pálek', 'palek6@seznam.cz', 1993, 1, '', '', '', 70034, 0, '', '2011-09-25 12:17:35'),
(942, 7, 69, 'Karel', 'Svoboda', 'svoboda@kstherm.cz', 1969, 1, '', '', '', 70036, 0, '', '2011-09-29 07:19:18'),
(943, 7, 68, 'Karel', 'Svoboda', 'svoboda@kstherm.cz', 2001, 1, '', '', '', 70037, 0, '', '2011-09-29 07:21:28'),
(944, 7, 65, 'Martin ', 'Beránek', 'berry125r@seznam.cz', 1993, 1, '', '', '', 70038, 0, '', '2011-09-29 19:29:30'),
(945, 1, 13, 'jirka', 'matonoha', 'lubos.melichar@gmail.com', 1982, 1, '', '', '', 10036, 0, '', '2011-12-07 23:14:41'),
(946, 1, 29, 'jindra', 'hojer', 'lubos.melichar@gmail.com', 1982, 2, '', '', '', 10037, 0, '', '2011-12-07 23:21:28'),
(947, 1, 29, 'asdf', 'sadf', 'melounchytrak@seznam.cz', 1971, 2, '', '', '', 10038, 0, '', '2011-12-08 17:31:24'),
(948, 1, 29, 'asdf', 'sadf', 'melounchytrak@seznam.cz', 1971, 2, '', '', '', 10039, 0, '', '2011-12-08 17:35:05'),
(957, 1, 28, 'Jindřich', 'Kříž', 'gogo.j@seznam.cz', 1993, 1, '', '', '', 10040, 0, '', '2012-02-22 21:40:50');
